file_name,category,fairness_score,text
Spotify.xml,use,2,"by signing up or otherwise using the spotify service, websites, and software applications (together, the “spotify service” or “service”), or accessing any content or material that is made available by spotify through the service (the “content”) you are entering into a binding contract with the spotify entity indicated at the bottom of this document."
Spotify.xml,ch,2,"occasionally we may, in our discretion, make changes to the agreements."
Spotify.xml,use,2,"in some cases, we will notify you in advance, and your continued use of the service after the changes have been made will constitute your acceptance of the changes."
Spotify.xml,ch,2,"spotify reserves the right, in its absolute discretion, to determine your eligibility for a trial, and, subject to applicable laws, to withdraw or to modify a trial at any time without prior notice and with no liability, to the greatest extent permitted under the law."
Spotify.xml,ter,3,"spotify reserves the right, in its absolute discretion, to determine your eligibility for a trial, and, subject to applicable laws, to withdraw or to modify a trial at any time without prior notice and with no liability, to the greatest extent permitted under the law."
Spotify.xml,ltd,2,"spotify reserves the right, in its absolute discretion, to determine your eligibility for a trial, and, subject to applicable laws, to withdraw or to modify a trial at any time without prior notice and with no liability, to the greatest extent permitted under the law."
Spotify.xml,cr,3,"in all cases, spotify reserves the right to remove or disable access to any user content for any or no reason, including but not limited to, user content that, in spotify’s sole discretion, violates the agreements."
Spotify.xml,ter,2,you acknowledge and agree that posting any such user content may result in immediate termination or suspension of your spotify account.
Spotify.xml,cr,2,you also agree that spotify may also reclaim your username for any reason.
Spotify.xml,ch,2,"to the extent permissible under applicable law, spotify reserves the right, periodically and at any time, to modify or discontinue, temporarily or permanently, functions and features of the spotify service, with or without notice, all without liability to you, except where prohibited by law, for any interruption, modification, or discontinuation of the spotify service or any function or feature thereof."
Spotify.xml,ter,3,"to the extent permissible under applicable law, spotify reserves the right, periodically and at any time, to modify or discontinue, temporarily or permanently, functions and features of the spotify service, with or without notice, all without liability to you, except where prohibited by law, for any interruption, modification, or discontinuation of the spotify service or any function or feature thereof."
Spotify.xml,ltd,2,"to the extent permissible under applicable law, spotify reserves the right, periodically and at any time, to modify or discontinue, temporarily or permanently, functions and features of the spotify service, with or without notice, all without liability to you, except where prohibited by law, for any interruption, modification, or discontinuation of the spotify service or any function or feature thereof."
Spotify.xml,cr,2,"spotify and/or the owners of any content may, from time to time, remove any such content without notice to the extent permitted by applicable law."
Spotify.xml,ch,2,"spotify and/or the owners of any content may, from time to time, remove any such content without notice to the extent permitted by applicable law."
Spotify.xml,cr,2,you also acknowledge and agree that spotify may remove or reclaim your username at any time if spotify in its absolute discretion considers such action appropriate.
Spotify.xml,ch,2,"spotify may change the price for the paid subscriptions, pre-paid period (for periods not yet paid for), or codes from time to time, and will communicate any price changes to you in advance and, if applicable, how to accept those changes."
Spotify.xml,ter,3,"spotify may terminate the agreements or suspend your access to the spotify service at any time, including in the event of your actual or suspected unauthorised use of the spotify service and/or content, or non-compliance with the agreements."
Spotify.xml,ltd,2,"if you or spotify terminate the agreements, or if spotify suspends your access to the spotify service, you agree that spotify shall have no liability or responsibility to you and spotify will not refund any amounts that you have already paid, to the fullest extent permitted under applicable law."
Spotify.xml,ltd,2,"you agree that, to the extent permitted by applicable law, your sole and exclusive remedy for any problems or dissatisfaction with the spotify service is to uninstall any spotify software and to stop using the spotify service."
Spotify.xml,ltd,2,"to the fullest extent permitted by law, in no event will spotify, its officers, shareholders, employees, agents, directors, subsidiaries, affiliates, successors, assigns, suppliers, or licensors be liable for (1) any indirect, special, incidental, punitive, exemplary, or consequential damages; (2) any loss of use, data, business, or profits (whether direct or indirect), in all cases arising out of the use or inability to use the spotify service, third party applications, or third party application content, regardless of legal theory, without regard to whether spotify has been warned of the possibility of those damages, and even if a remedy fails of its essential purpose; or (3) aggregate liability for all claims relating to the spotify service, third party applications, or third party application content more than the amounts paid by you to spotify during the prior twelve months in question, to the extent permissible by applicable law."
Spotify.xml,ltd,1,"nothing in the agreements removes or limits spotify’s liability for fraud, fraudulent misrepresentation, death or personal injury caused by its negligence, and, if required by applicable law, gross negligence."
Spotify.xml,law,2,"unless otherwise required by a mandatory law of a member state of the european union or any other jurisdiction, the agreements (and any non-contractual disputes/claims arising out of or in connection with them) are subject to the laws of the state or country listed below, without regard to choice or conflicts of law principles."
Spotify.xml,j,3,"further, you and spotify agree to the jurisdiction of the courts listed below to resolve any dispute, claim, or controversy that arises in connection with the agreements (and any non-contractual disputes/claims arising out of or in connection with them)."
Spotify.xml,law,2,"(in some cases, that jurisdiction will be “exclusive”, meaning that no other countries’ courts can preside over the matter; have jurisdiction; in other cases, the jurisdiction is “non-exclusive”, meaning that other countries’ courts may have jurisdiction as well. this is indicated in the chart as well.)"
Spotify.xml,j,3,"(in some cases, that jurisdiction will be “exclusive”, meaning that no other countries’ courts can preside over the matter; have jurisdiction; in other cases, the jurisdiction is “non-exclusive”, meaning that other countries’ courts may have jurisdiction as well. this is indicated in the chart as well.)"
Spotify.xml,a,2,"you and spotify agree that any dispute, claim, or controversy between you and spotify arising in connection with or relating in any way to these agreements or to your relationship with spotify as a user of the service (whether based in contract, tort, statute, fraud, misrepresentation, or any other legal theory, and whether the claims arise during or after the termination of the agreements) will be determined by mandatory binding individual arbitration."
Deliveroo.xml,use,2,by accessing our site and placing an order you agreed to be bound by these terms and conditions and our terms of use policy.
Deliveroo.xml,ltd,2,"subject as provided below, neither deliveroo nor any partner restaurant shall have have any liability to you for any direct, indirect, special or consequential losses or damages arising in contract, tort (including negligence) or otherwise arising from your use of or your inability to use our service."
Deliveroo.xml,ltd,2,in the event that deliveroo or the partner restaurant is found to be liable to you our total aggregate liability is limited to the purchase price of the meals you have paid for in your order.
Deliveroo.xml,ltd,1,"this does not include or limit in any way deliveroo's or any partner restaurant's liability for any matter for which it would be illegal for us or it to exclude, or attempt to exclude, our or its liability, including liability for death or personal injury caused by negligence or for fraud or fraudulent misrepresentation."
Deliveroo.xml,ch,2,deliveroo may revise these terms of use at any time by amending this page.
Deliveroo.xml,ch,2,"you are expected to check this page from time to time to take notice of any changes we make, as they are binding on you."
Deliveroo.xml,j,3,"the english courts will have jurisdiction over any claim arising from, or related to, any use of our services."
Deliveroo.xml,law,2,these terms of use and any dispute or claim arising out of or in connection with them or their subject matter or formation (including non-contractual disputes or claims) shall be governed by and construed in accordance with the law of england and wales.
Deliveroo.xml,use,2,"by accessing our site or by using our service, you indicate that you accept these terms of use and that you agree to abide by them."
Deliveroo.xml,ter,3,"access to our site and to our service is permitted on a temporary basis, and we reserve the right to withdraw or amend access to our site or our service without notice (see below)."
Deliveroo.xml,ch,2,"access to our site and to our service is permitted on a temporary basis, and we reserve the right to withdraw or amend access to our site or our service without notice (see below)."
Deliveroo.xml,ltd,2,"we will not be liable if, for any reason, our site or our service is unavailable at any time or for any period."
Deliveroo.xml,ter,2,we can deactivate your account at any time.
Deliveroo.xml,cr,2,"generally, we do not moderate any interactive service we provide although we may remove content in contravention of these terms of use as set out in section 6."
Deliveroo.xml,ter,2,"failure to comply with section 3 (acceptable use) and/or 5 (content standards) in these terms of use constitutes a material breach of the terms of use, and may result in our taking all or any of the following actions:

immediate, temporary or permanent withdrawal of your right to use our service;
immediate, temporary or permanent removal of any posting or material uploaded by you to our service;"
Deliveroo.xml,cr,2,"failure to comply with section 3 (acceptable use) and/or 5 (content standards) in these terms of use constitutes a material breach of the terms of use, and may result in our taking all or any of the following actions:

immediate, temporary or permanent withdrawal of your right to use our service;
immediate, temporary or permanent removal of any posting or material uploaded by you to our service;"
Deliveroo.xml,ch,2,"we aim to update our site and our service regularly, and may change the content at any time."
Deliveroo.xml,ltd,2,"however, we will not be responsible for any errors or omissions in relation to such content or for any technical problems you may experience with our site or our service."
Deliveroo.xml,ltd,2,"to the extent permitted by law, we exclude all liability (whether arising in contract, in negligence or otherwise) for loss or damage which you or any third party may incur in connection with our site, our service, and any website linked to our site and any materials posted on it."
Deliveroo.xml,ltd,1,"this does not affect our liability for death or personal injury arising from our negligence, or our liability for fraudulent misrepresentation or misrepresentation as to a fundamental matter, or any other liability which cannot be excluded or limited under applicable law."
Deliveroo.xml,j,3,"the english courts will have jurisdiction over any claim arising from, or related to, a visit to our site or use of our services."
Deliveroo.xml,law,2,these terms of use and any dispute or claim arising out of or in connection with them or their subject matter or formation (including non-contractual disputes or claims) shall be governed by and construed in accordance with the law of england and wales.
Deliveroo.xml,ch,2,we may revise these terms of use at any time by amending this page.
Deliveroo.xml,ch,2,"you are expected to check this page from time to time to take notice of any changes we make, as they are binding on you."
Moves-app.xml,use,2,"by downloading, installing and using the service, the licensee agrees to the terms and conditions of these terms of use which shall bind the licensee."
Moves-app.xml,ter,3,"the licensor reserves the right to change, suspend, remove or disable access to the service at any time without notice."
Moves-app.xml,ch,2,"the licensor reserves the right to change, suspend, remove or disable access to the service at any time without notice."
Moves-app.xml,ltd,2,"in no event shall the licensor be liable for the removal or disabling of, or for imposing limits on, access to or use of the service."
Moves-app.xml,ltd,3,"to the extent not prohibited by law, in no event shall the licensor be liable for personal injury, or any incidental, special, indirect, consequential or punitive damages whatsoever, including, without limitation:

(a) loss of profit,

(b) loss of business,

(c) business interruption,

(d) loss of business opportunity,

(e) loss of data or

(f) any other commercial damages or losses

arising out of or related to the licensee’s use or inability to use the service, however caused, whether in contract, tort or otherwise and even if the licensor has been advised of the possibility of such damages."
Moves-app.xml,ltd,2,in no event shall the licensor’s total liability to the licensee for all damages exceed the amount of fifty euros (€50.00).
Moves-app.xml,ter,3,the licensee’s rights under the license shall terminate automatically without notice from the licensor if the licensee fails to comply with any term or condition of these terms of use.
Moves-app.xml,law,2,"the laws of finland, excluding its conflict of law rules, govern these terms of use and the licensee’s use of the service. the licensee’s use of the service may also be subject to other local, state, national or international laws."
Moves-app.xml,j,3,"to the extent not prohibited by applicable law, the courts of finland shall have jurisdiction."
Moves-app.xml,ch,2,"the licensor is entitled to revise these terms of use at any time. the licensor shall notify the licensee of any revisions with reasonable notice, at the licensor’s sole discretion, through the service, by e-email, via an online service or otherwise, or using any combination of the foregoing."
Booking.xml,ch,2,"these terms and conditions, as may be amended from time to time, apply to all our services directly or indirectly (through distributors) made available online, through any mobile device, by email or by telephone."
Booking.xml,use,2,"by accessing, browsing and using our (mobile) website or any of our applications through whatever platform (hereafter collectively referred to as the ""website"") and/or by completing a reservation, you acknowledge and agree to have read, understood and agreed to the terms and conditions set out below (including the privacy statement)."
Booking.xml,law,2,"if you are paying a reservation by credit card or debit card processed by enett international (uk) limited, the transaction shall be governed by the laws of england and wales, to the extent permitted by applicable laws."
Booking.xml,ltd,2,booking.com disclaims any liability or responsibility for any communication with the supplier on or through its platform.
Booking.xml,ltd,2,we are not responsible or liable for (and have no obligation to verify) any wrong or misspelled email address or inaccurate or wrong (mobile) phone number or credit card number.
Booking.xml,cr,2,"we reserve the right to adjust, refuse or remove reviews at our sole discretion."
Booking.xml,ltd,2,"subject to the limitations set out in these terms and conditions and to the extent permitted by law, we shall only be liable for direct damages actually suffered, paid or incurred by you due to an attributable shortcoming of our obligations in respect to our services, up to an aggregate amount of the aggregate cost of your reservation as set out in the confirmation email (whether for one event or series of connected events)."
Booking.xml,ltd,3,"however and to the extent permitted by law, neither we nor any of our officers, directors, employees, representatives, subsidiaries, affiliated companies, distributors, affiliate (distribution) partners, licensees, agents or others involved in creating, sponsoring, promoting, or otherwise making available the site and its contents shall be liable for (i) any punitive, special, indirect or consequential loss or damages, any loss of production, loss of profit, loss of revenue, loss of contract, loss of or damage to goodwill or reputation, loss of claim, (ii) any inaccuracy relating to the (descriptive) information (including rates, availability and ratings) of the supplier as made available on our platform, (iii) the services rendered or the products offered by the supplier or other business partners, (iv) any (direct, indirect, consequential or punitive) damages, losses or costs suffered, incurred or paid by you, pursuant to, arising out of or in connection with the use, inability to use or delay of our platform, or (v) any (personal) injury, death, property damage, or other (direct, indirect, special, consequential or punitive) damages, losses or costs suffered, incurred or paid by you, whether due to (legal) acts, errors, breaches, (gross) negligence, willful misconduct, omissions, non-performance, misrepresentations, tort or strict liability by or (wholly or partly) attributable to the supplier or any of our other business partners (including any of their employees, directors, officers, agents, representatives or affiliated companies) whose products or service are (directly or indirectly) made available, offered or promoted on or through the platform, including any (partial) cancellation, overbooking, strike, force majeure or any other event beyond our control."
Booking.xml,cr,2,any photo/image that does not meet the aforesaid criteria will not be posted and/or can be removed/deleted by booking.com at any time and without prior notice.
Booking.xml,law,2,"to the extent permitted by law, these terms and conditions and the provision of our services shall be governed by and construed in accordance with dutch law and any dispute arising out of these general terms and conditions and our services shall exclusively be submitted to the competent courts in amsterdam, the netherlands."
Booking.xml,j,3,"to the extent permitted by law, these terms and conditions and the provision of our services shall be governed by and construed in accordance with dutch law and any dispute arising out of these general terms and conditions and our services shall exclusively be submitted to the competent courts in amsterdam, the netherlands."
Supercell.xml,use,2,"by installing, using or otherwise accessing the service, you agree to these terms of service."
Supercell.xml,ch,2,"supercell reserves the right, at its discretion, to change, modify, add or remove portions of these terms of service,  its privacy policy and other relevant supercell policies at any time by posting the amended terms on the supercell service."
Supercell.xml,use,2,you will be deemed to have accepted such changes by continuing to use the service.
Supercell.xml,cr,3,"supercell reserves the right to remove or reclaim any usernames at any time and for any reason, including but not limited to claims by a third party that a username violates the third party's rights."
Supercell.xml,ter,2,"any use of the service in violation of these license limitations is strictly prohibited, can result in the immediate revocation of your limited license and may subject you to liability for violations of law."
Supercell.xml,ter,3,supercell reserves the right to determine what conduct it considers to be in violation of the rules of use or otherwise outside the intent or spirit of these terms of service or the service itself.
Supercell.xml,ter,2,"supercell reserves the right to take action as a result, which may include terminating your account and prohibiting you from using the service in whole or in part."
Supercell.xml,ter,3,"without limiting any other remedies, supercell may limit, suspend, terminate, modify, or delete accounts or access to the service or portions thereof if you are, or supercell suspects that you are, failing to comply with any of these terms of service or for any actual or suspected illegal or improper use of the service, with or without notice to you."
Supercell.xml,cr,3,"you can lose your user name and persona in the service as a result of account termination or limitation, as well as any benefits, privileges, earned items and purchased items associated with your use of the service, and supercell is under no obligation to compensate you for any such losses or results."
Supercell.xml,ter,2,"without limiting our other remedies, we may limit, suspend or terminate the service and user accounts or portions thereof, prohibit access to our games and sites, and their content, services and tools, delay or remove hosted content, and take technical and legal steps to prevent users from accessing the service if we believe that they are creating risk or possible legal liabilities, infringing the intellectual property rights of third parties, or acting inconsistently with the letter or spirit of our terms or   policies."
Supercell.xml,ter,3,"additionally, we may, in appropriate circumstances and at our sole discretion, suspend or terminate accounts of users who may be repeat infringers of third party intellectual property rights."
Supercell.xml,ter,2,supercell reserves the right to terminate any account that has been inactive for 180 days.
Supercell.xml,ter,3,"supercell reserves the right to stop offering and/or supporting the service or a particular game or part of the service at any time, at which point your license to use the service or a part thereof will be automatically terminated."
Supercell.xml,ltd,2,"in such event, supercell shall not be required to provide refunds, benefits or other compensation to users in connection with such discontinued service."
Supercell.xml,cr,2,termination of your account can include disabling your access to the service or any part thereof including any content you submitted or others submitted.
Supercell.xml,cr,3,"supercell reserves the right in its sole discretion to review, monitor, prohibit, edit, delete, disable access to or otherwise make unavailable any user content (including without limitation your user content) without notice for any reason or for no reason at any time."
Supercell.xml,cr,3,"we have the right, but not the obligation, in our sole discretion to edit, refuse to post, or remove any user content."
Supercell.xml,cr,2,"supercell may reject, refuse to post or delete any user content for any or no reason, including, but not limited to, user content that in the sole judgment of supercell violates these terms of service."
Supercell.xml,cr,3,"supercell may manage, regulate, control, modify or eliminate virtual items and/or merchandise at any time, with or without notice."
Supercell.xml,ltd,2,supercell shall have no liability to you or any third party in the event that supercell exercises any such rights.
Supercell.xml,ch,2,supercell may revise the pricing for the goods and services offered through the service at any time.
Supercell.xml,ltd,2,"you acknowledge that supercell is not required to provide a refund for any reason, and that you will not receive money or other compensation for unused virtual items when an account is closed, whether such closure was voluntary or involuntary."
Supercell.xml,ch,2,"you acknowledge and agree that supercell may update the service and supercell games, with or without notifying you."
Supercell.xml,ltd,2,"to the maximum extent permitted by law, supercell shall not be liable to you for any indirect, incidental, consequential, special, punitive or other similar damages, including but not limited to loss of revenues, lost profits, lost data or business interruption or other intangible losses (however such losses are qualified), arising out of or relating in any way to these terms of service or the service itself, whether based on contract, tort or any other legal theory, and whether or not supercell has been advised of the possibility of such damages."
Supercell.xml,ltd,2,"to the extent not prohibited by law, supercell shall not be liable to you for more than the amount you have paid to supercell in accordance with these terms of service in the six (6) months immediately preceding the date on which you first assert a claim."
Supercell.xml,ltd,1,nothing in these terms of service shall affect the statutory rights of any consumer or exclude or restrict any liability resulting from gross negligence or willful misconduct of supercell or for death or personal injury arising from any negligence or fraud of supercell.
Supercell.xml,law,2,"if you are a resident of the united states, these terms of service and any dispute arising out of or related to it or privacy policy or the service shall be governed in all respects by california law, without regard to conflict of law provisions."
Supercell.xml,j,2,"you agree that any claim or dispute you may have against supercell must be resolved exclusively by a court located in san francisco, california."
Supercell.xml,law,2,"if you are a resident outside of the united states, you agree that all disputes between you and supercell shall be governed by the laws of finland, without regard to conflict of law provisions."
Supercell.xml,j,3,"you agree that any claim or dispute you may have against supercell must be resolved exclusively by a court located in helsinki, finland."
Supercell.xml,ltd,1,"supercell shall not be liable for any delay or failure to perform resulting from causes outside the reasonable control of supercell, including without limitation any failure to perform hereunder due to unforeseen circumstances or cause beyond supercell's control such as acts of god, war, terrorism, riots, embargoes, acts of civil or military authorities, fire, floods, accidents, strikes, or shortages of transportation facilities, fuel, energy, labor or materials."
9gag.xml,use,2,"by using or accessing the services, you agree to become bound by all the terms and conditions of this agreement."
9gag.xml,ter,3,"9gag, inc may change, suspend or discontinue the services at any time, including the availability of any feature, database, or content."
9gag.xml,ch,2,"9gag, inc may change, suspend or discontinue the services at any time, including the availability of any feature, database, or content."
9gag.xml,ter,3,"9gag, inc may also impose limits on certain features and services or restrict subscriber’s access to parts or all of the services without notice or liability."
9gag.xml,ch,2,"9gag, inc may also impose limits on certain features and services or restrict subscriber’s access to parts or all of the services without notice or liability."
9gag.xml,ltd,2,"9gag, inc may also impose limits on certain features and services or restrict subscriber’s access to parts or all of the services without notice or liability."
9gag.xml,ch,2,"9gag, inc reserves the right, at its discretion, to modify these terms of service at any time by posting revised terms of service on the site and by providing notice via e-mail, where possible, or on the site."
9gag.xml,ch,2,"9gag, inc reserves the right, at its discretion, to modify these terms of service at any time by posting revised terms of service on the site and by providing notice via e-mail, where possible, or on the site."
9gag.xml,ch,2,subscriber shall be responsible for reviewing and becoming familiar with any such modifications.
9gag.xml,ch,2,subscriber shall be responsible for reviewing and becoming familiar with any such modifications.
9gag.xml,ch,2,use of the services by subscriber following such modification constitutes subscriber's acceptance of the terms and conditions of this agreement as modified.
9gag.xml,use,2,use of the services by subscriber following such modification constitutes subscriber's acceptance of the terms and conditions of this agreement as modified.
9gag.xml,ch,2,"you agree that neither 9gag, inc nor the site will be liable in any event to you or any other party for any suspension, modification, discontinuance or lack of availability of the site, the service, your subscriber content or other content."
9gag.xml,ltd,2,"you agree that neither 9gag, inc nor the site will be liable in any event to you or any other party for any suspension, modification, discontinuance or lack of availability of the site, the service, your subscriber content or other content."
9gag.xml,ch,2,"9gag, inc retains the right to create limits on use and storage in its sole discretion at any time with or without notice."
9gag.xml,ter,3,"9gag, inc retains the right to create limits on use and storage in its sole discretion at any time with or without notice."
9gag.xml,ch,2,"9gag, inc reserves the right to remove any subscriber content from the site, suspend or terminate subscriber’s right to use the services at any time, or pursue any other remedy or relief available to 9gag, inc and/or the site under equity or law, for any reason (including, but not limited to, upon receipt of claims or allegations from third parties or authorities relating to such subscriber content or if 9gag, inc is concerned that subscriber may have breached the immediately preceding sentence), or for no reason at all."
9gag.xml,cr,3,"9gag, inc reserves the right to remove any subscriber content from the site, suspend or terminate subscriber’s right to use the services at any time, or pursue any other remedy or relief available to 9gag, inc and/or the site under equity or law, for any reason (including, but not limited to, upon receipt of claims or allegations from third parties or authorities relating to such subscriber content or if 9gag, inc is concerned that subscriber may have breached the immediately preceding sentence), or for no reason at all."
9gag.xml,ch,2,"any fraudulent, abusive, or otherwise illegal activity or any use of the services or content in violation of this agreement may be grounds for termination of subscriber’s right to services or to access the site."
9gag.xml,ter,2,"any fraudulent, abusive, or otherwise illegal activity or any use of the services or content in violation of this agreement may be grounds for termination of subscriber’s right to services or to access the site."
9gag.xml,ch,2,"to the fullest extent allowed by law, 9gag, inc disclaims any liability or responsibility for the accuracy, reliability, availability, completeness, legality or operability of the material or services provided on this site."
9gag.xml,ltd,2,"to the fullest extent allowed by law, 9gag, inc disclaims any liability or responsibility for the accuracy, reliability, availability, completeness, legality or operability of the material or services provided on this site."
9gag.xml,ch,2,"by using this site, you acknowledge that 9gag, inc is not responsible or liable for any harm resulting from (1) use of the site; (2) downloading information contained on the site including but not limited to downloads of content posted by subscribers; (3) unauthorized disclosure of images, information or data that results from the upload, download or storage of content posted by subscribers; (4) the temporary or permanent inability to access or retrieve any subscriber content from the site, including, without limitation, harm caused by viruses, worms, trojan horses, or any similar contamination or destructive program."
9gag.xml,ltd,2,"by using this site, you acknowledge that 9gag, inc is not responsible or liable for any harm resulting from (1) use of the site; (2) downloading information contained on the site including but not limited to downloads of content posted by subscribers; (3) unauthorized disclosure of images, information or data that results from the upload, download or storage of content posted by subscribers; (4) the temporary or permanent inability to access or retrieve any subscriber content from the site, including, without limitation, harm caused by viruses, worms, trojan horses, or any similar contamination or destructive program."
9gag.xml,ch,2,"in no event shall 9gag, inc, its directors, officers, shareholders, employees or members be liable with respect to the site or the services for (a) any indirect, incidental, punitive, or consequential damages of any kind whatsoever; (b) damages for loss of use, profits, data, images, subscriber content or other intangibles; (c) damages for unauthorized use, non-performance of the site, errors or omissions; or (d) damages related to downloading or posting content."
9gag.xml,ltd,2,"in no event shall 9gag, inc, its directors, officers, shareholders, employees or members be liable with respect to the site or the services for (a) any indirect, incidental, punitive, or consequential damages of any kind whatsoever; (b) damages for loss of use, profits, data, images, subscriber content or other intangibles; (c) damages for unauthorized use, non-performance of the site, errors or omissions; or (d) damages related to downloading or posting content."
9gag.xml,ch,2,"9gag, inc's and the site's collective liability under this agreement shall be limited to three hundred u.s. dollars."
9gag.xml,ltd,2,"9gag, inc's and the site's collective liability under this agreement shall be limited to three hundred u.s. dollars."
9gag.xml,ch,2,"9gag, inc may modify and/or eliminate such fee-based services at its discretion."
9gag.xml,ch,2,"9gag, inc may modify and/or eliminate such fee-based services at its discretion."
9gag.xml,ch,2,"9gag, inc may change its prices at any time but will provide you reasonable notice of any such changes by posting the new prices on the site and by sending you email notification."
9gag.xml,ch,2,"9gag, inc may change its prices at any time but will provide you reasonable notice of any such changes by posting the new prices on the site and by sending you email notification."
9gag.xml,ch,2,either party may terminate the services at any time by notifying the other party by any means.
9gag.xml,ter,2,either party may terminate the services at any time by notifying the other party by any means.
9gag.xml,ch,2,"9gag, inc may also terminate or suspend any and all services and access to the site immediately, without prior notice or liability, if subscriber breaches any of the terms or conditions of this agreement."
9gag.xml,ter,2,"9gag, inc may also terminate or suspend any and all services and access to the site immediately, without prior notice or liability, if subscriber breaches any of the terms or conditions of this agreement."
9gag.xml,ch,2,"9gag, inc shall not be liable for any failure to perform its obligations hereunder where such failure results from any cause beyond 9gag, inc’s reasonable control, including, without limitation, mechanical, electronic or communications failure or degradation."
9gag.xml,ltd,2,"9gag, inc shall not be liable for any failure to perform its obligations hereunder where such failure results from any cause beyond 9gag, inc’s reasonable control, including, without limitation, mechanical, electronic or communications failure or degradation."
9gag.xml,ch,2,this agreement shall be governed by and construed in accordance with the laws of the state of delaware without regard to the conflict of laws provisions thereof.
9gag.xml,law,2,this agreement shall be governed by and construed in accordance with the laws of the state of delaware without regard to the conflict of laws provisions thereof.
9gag.xml,ch,2,"9gag’s intellectual property policy is to (a) remove material that 9gag believes in good faith, upon notice from an intellectual property owner or their agent, is infringing the intellectual property of a third party by being made available through the services, and (b) remove any subscriber content posted to the services by “repeat infringers.”"
9gag.xml,cr,2,"9gag’s intellectual property policy is to (a) remove material that 9gag believes in good faith, upon notice from an intellectual property owner or their agent, is infringing the intellectual property of a third party by being made available through the services, and (b) remove any subscriber content posted to the services by “repeat infringers.”"
9gag.xml,ch,2,"9gag has discretion, however, to terminate the account of any user after receipt of a single notification of claimed infringement or upon 9gag’s own determination."
9gag.xml,ter,2,"9gag has discretion, however, to terminate the account of any user after receipt of a single notification of claimed infringement or upon 9gag’s own determination."
9gag.xml,ch,2,"Procedure for Reporting Claimed Infringement
If you believe that any content made available on or through the Services has been used or exploited in a manner that infringes an intellectual property right you own or control, then please promptly send a “Notification of Claimed Infringement” containing the following information to the Designated Agent identified below. Your communication must include substantially the following:
- A physical or electronic signature of a person authorized to act on behalf of the owner of the work(s) that has/have been allegedly infringed;
- Identification of works or materials being infringed, or, if multiple works are covered by a single notification, a representative list of such works;
- Identification of the specific material that is claimed to be infringing or to be the subject of infringing activity and that is to be removed or access to which is to be disabled, and information reasonably sufficient to permit 9GAG to locate the material;
- Information reasonably sufficient to permit 9GAG to contact you, such as an address, telephone number, and, if available, an electronic mail address at which you may be contacted;
- A statement that you have a good faith belief that the use of the material in the manner complained of is not authorized by the copyright owner, its agent, or the law; and
- A statement that the information in the notification is accurate, and under penalty of perjury, that you are authorized to act on behalf of the owner of an exclusive right that is allegedly infringed. 
You should consult with your own lawyer and/or see 17 U.S.C. § 512 to confirm your obligations to provide a valid notice of claimed infringement. 
Designated Agent Contact Information
9GAG’s Designated Agent for notices of claimed infringement can be contacted at:
Via E-mail:
copyright@9GAG.com
Via International Mail:
9GAG
16/F, King Palace Plaza,
52A Sha Tsui Road,
Tsuen Wan,
Hong Kong
Attn: Copyright Department
Counter Notification
If you receive a notification from 9GAG that material made available by you on or through the Services has been the subject of a Notification of Claimed Infringement, then you will have the right to provide 9GAG with what is called a “Counter Notification.” To be effective, a Counter Notification must be in writing, provided to 9GAG’s Designated Agent through one of the methods identified immediately above, and include substantially the following information:
- A physical or electronic signature of the subscriber;
- Identification of the material that has been removed or to which access has been disabled and the location at which the material appeared before it was removed or access to it was disabled;
- A statement under penalty of perjury that the subscriber has a good faith belief that the material was removed or disabled as a result of mistake or misidentification of the material to be removed or disabled; and
- The subscriber’s name, address, and telephone number, and a statement that the subscriber consents to the jurisdiction of Federal District Court for the judicial district in which the address is located, or if the subscriber’s address is outside of the United States, for any judicial district in which 9GAG may be found, and that the subscriber will accept service of process from the person who provided a Notification of Claimed Infringement as set forth above or an agent of such person.
A party submitting a Counter Notification should consult a lawyer or see 17 U.S.C. § 512 to confirm the party’s obligations to provide a valid counter notification under the Copyright Act.
9GAG Actions Following Receipt of Counter Notification
Upon receipt of a Counter Notification, 9GAG shall promptly provide the party submitting a Notification of Claimed Infringement with a copy of the Counter Notification, and 9GAG will replace the removed material or cease disabling access to it in not less than 10, nor more than fourteen (14), business days following receipt of the Counter Notice, unless 9GAG’s Designated Agent first receives notice from the person who submitted the Notification of Claimed Infringement that such person has filed an action seeking a court order to restrain the subscriber from engaging in infringing activity relating to the material on 9GAG’s system or network. 
False Notifications of Claimed Infringement or Counter Notifications
The Copyright Act provides that: 
[a]ny person who knowingly materially misrepresents under [Section 512 of the Copyright Act (17 U.S.C. § 512)] (1) that material or activity is infringing, or (2) that material or activity was removed or disabled by mistake or misidentification, shall be liable for any damages, including costs and attorneys’ fees, incurred by the alleged infringer, by any copyright owner or copyright owner’s authorized licensee, or by a service provider, who is injured by such misrepresentation, as the result of [9GAG] relying upon such misrepresentation in removing or disabling access to the material or activity claimed to be infringing, or in replacing the removed material or ceasing to disable access to it.
17 U.S.C. § 512(f).
9GAG reserves the right to seek damages from any party that submits a Notification of Claimed Infringement or Counter Notification in violation of the law.
For the avoidance of doubt, only notices submitted under the Digital Millennium Copyright Act and the procedures set forth in this Agreement should be sent to the Designated Agent at copyright@9GAG.com or to the postal address identified above. Any other comments, compliments, complaints or suggestions about 9GAG, the operation of the Services or any other matter should be sent to support@9gag.com."
Headspace.xml,ch,2,"these terms & conditions (these “terms”) contain the terms and conditions on which we supply content, products or services listed on www.headspace.com (the “website”), through our applications (the “apps”) or via other delivery methods to you (the website and such content, products, services and the apps are collectively referred to herein as the “product” or “products”, which may be updated from time-to-time at the sole discretion of headspace)."
Headspace.xml,use,2,"when you order (“order”) any products, or otherwise use or access the products, you agree to be bound by these terms and all applicable laws, rules and regulations."
Headspace.xml,use,2,"by using the products, you indicate that you accept these terms and that you agree to abide by them."
Headspace.xml,a,2,"except for certain types of disputes mentioned in the arbitration clause, you and headspace agree that disputes relating to these terms or your use of the products will be resolved by mandatory binding arbitration, and you and headspace waive any right to participate in a class-action lawsuit or class-wide arbitration."
Headspace.xml,ch,2,"headspace reserves the right to change or update these terms, or any other of our policies or practices, at any time, and will notify users by posting such changed or updated terms on this page."
Headspace.xml,use,2,your continued use of the products constitutes your agreement to abide by the terms as changed.
Headspace.xml,ltd,2,you agree not to hold us responsible for banking charges incurred due to payments on your account.
Headspace.xml,ch,2,"we may at any time and from time to time, in our sole discretion, change the fees and charges, or add new fees and charges, in relation to any of the products."
Headspace.xml,ter,2,we may suspend or terminate your use of the products as a result of your fraud or breach of any obligation under these terms.
Headspace.xml,ter,2,"in the event of such a breach, your right to use the products will cease immediately."
Headspace.xml,ter,2,any unauthorized use or violation of these terms immediately and automatically terminates your right to use the products and may subject you to legal liability.
Headspace.xml,ltd,2,we will not be liable to you if the products are unavailable for a commercially reasonable period of time.
Headspace.xml,ch,2,"your access to the products may be occasionally restricted to allow for repairs, maintenance or the introduction of new facilities or products."
Headspace.xml,cr,3,"we reserve the right, in our sole discretion, to refuse to post or to remove or edit any of your user material, or to restrict, suspend, or terminate your access to all or any part of the products, particularly where user material breaches this section 7, and we may do this with or without giving you any prior notice."
Headspace.xml,ter,3,"we reserve the right, in our sole discretion, to refuse to post or to remove or edit any of your user material, or to restrict, suspend, or terminate your access to all or any part of the products, particularly where user material breaches this section 7, and we may do this with or without giving you any prior notice."
Headspace.xml,cr,3,"we are also not responsible for any damage, loss or offense caused or alleged to be caused by, or in connection with, the use of or reliance on such websites or services."
Headspace.xml,ltd,2,"we are also not responsible for any damage, loss or offense caused or alleged to be caused by, or in connection with, the use of or reliance on such websites or services."
Headspace.xml,cr,3,we are not liable or responsible for any consequences of your having read or been told about such advice or other materials as you assume full responsibility for your decisions and actions.
Headspace.xml,ltd,2,we are not liable or responsible for any consequences of your having read or been told about such advice or other materials as you assume full responsibility for your decisions and actions.
Headspace.xml,cr,3,it is our policy to terminate privileges of any user who repeatedly infringes the copyright rights of others upon receipt of proper notification to us by the copyright owner or the copyright owner’s legal agent.
Headspace.xml,ter,2,it is our policy to terminate privileges of any user who repeatedly infringes the copyright rights of others upon receipt of proper notification to us by the copyright owner or the copyright owner’s legal agent.
Headspace.xml,cr,3,nothing in this sections 13.3 or otherwise in these terms shall exclude or in any way limit headspace’s liability for: fraud; death or personal injury caused by negligence; or liability to the extent the same may not be excluded or limited as a matter of law.
Headspace.xml,ltd,1,nothing in this sections 13.3 or otherwise in these terms shall exclude or in any way limit headspace’s liability for: fraud; death or personal injury caused by negligence; or liability to the extent the same may not be excluded or limited as a matter of law.
Headspace.xml,cr,3,"we assume no liability or responsibility for any errors or omissions in the content of the products, or any failures, delays, or interruptions in the provision of the products."
Headspace.xml,ltd,2,"we assume no liability or responsibility for any errors or omissions in the content of the products, or any failures, delays, or interruptions in the provision of the products."
Headspace.xml,cr,3,"we will not be liable to you for any lack of performance, or the unavailability or failure, of the products, or for any failure or delay by us to comply with these terms, where such lack, unavailability or failure arises from any cause beyond our reasonable control."
Headspace.xml,ltd,2,"we will not be liable to you for any lack of performance, or the unavailability or failure, of the products, or for any failure or delay by us to comply with these terms, where such lack, unavailability or failure arises from any cause beyond our reasonable control."
Headspace.xml,cr,3,"if you withdraw your consent, we may terminate your use of the products."
Headspace.xml,ter,2,"if you withdraw your consent, we may terminate your use of the products."
Headspace.xml,cr,3,"we reserve the right, in our sole discretion, to discontinue the provision of your electronic communications, or to terminate or change the terms and conditions on which we provide electronic communications."
Headspace.xml,ter,3,"we reserve the right, in our sole discretion, to discontinue the provision of your electronic communications, or to terminate or change the terms and conditions on which we provide electronic communications."
Headspace.xml,cr,3,each of us agrees that our only liability in respect of those representations and warranties that are set out in this agreement (whether made innocently or negligently) will be for breach of contract.
Headspace.xml,ltd,2,each of us agrees that our only liability in respect of those representations and warranties that are set out in this agreement (whether made innocently or negligently) will be for breach of contract.
Headspace.xml,cr,3,nothing in this section limits or excludes any liability for fraud.
Headspace.xml,ltd,1,nothing in this section limits or excludes any liability for fraud.
Headspace.xml,cr,3,"if we fail to comply with these terms, we will be liable to you only for the purchase price of the products in question."
Headspace.xml,ltd,2,"if we fail to comply with these terms, we will be liable to you only for the purchase price of the products in question."
Headspace.xml,cr,3,"in addition, we will not be liable for:
(i) faulty operation of computers during the registration process or during completion of a subscription or during the transmission of any data and/or for incorrect or overly slow transmission of data by the internet provider and/or any damage that occurs due to information submitted by you not being received by us or not being received promptly or not being considered, as a consequence of technical faults with our software or hardware (whether or not they are within or outside of our control)."
Headspace.xml,ltd,2,"in addition, we will not be liable for:
(i) faulty operation of computers during the registration process or during completion of a subscription or during the transmission of any data and/or for incorrect or overly slow transmission of data by the internet provider and/or any damage that occurs due to information submitted by you not being received by us or not being received promptly or not being considered, as a consequence of technical faults with our software or hardware (whether or not they are within or outside of our control)."
Headspace.xml,cr,3,"any loss or damage due to viruses or other malicious software that may infect your device, computer equipment, software, data or other property caused by you accessing, using or downloading from the products, or from transmissions via emails or attachments received from us."
Headspace.xml,ltd,2,"any loss or damage due to viruses or other malicious software that may infect your device, computer equipment, software, data or other property caused by you accessing, using or downloading from the products, or from transmissions via emails or attachments received from us."
Headspace.xml,cr,3,any use of websites linked to the products but operated by third parties.
Headspace.xml,ltd,2,any use of websites linked to the products but operated by third parties.
Headspace.xml,cr,3,"to the extent permitted by law, headspace and its affiliates, suppliers, clients, or licensors (collectively, the “protected entities”) shall not be liable for any consequential, exemplary or punitive damages arising from, or directly or indirectly related to, the use of, or the inability to use, the products or the content, materials and functions related thereto, your provision of information via the products, or lost business or lost sales, or any errors, viruses or bugs contained in the products, even if such protected entity has been advised of the possibility of such damages."
Headspace.xml,ltd,2,"to the extent permitted by law, headspace and its affiliates, suppliers, clients, or licensors (collectively, the “protected entities”) shall not be liable for any consequential, exemplary or punitive damages arising from, or directly or indirectly related to, the use of, or the inability to use, the products or the content, materials and functions related thereto, your provision of information via the products, or lost business or lost sales, or any errors, viruses or bugs contained in the products, even if such protected entity has been advised of the possibility of such damages."
Headspace.xml,cr,3,"in no event shall the protected entities be liable for or in connection with any content posted, transmitted, exchanged or received by or on behalf of any user or other person on or through the products."
Headspace.xml,ltd,2,"in no event shall the protected entities be liable for or in connection with any content posted, transmitted, exchanged or received by or on behalf of any user or other person on or through the products."
Headspace.xml,cr,3,"in no event shall the total aggregate liability of the protected entities to you for all damages, losses, and causes of action (whether in contract or tort, including, but not limited to, negligence or otherwise) arising from these terms of use or your use of the products exceed, in the aggregate, the amount, if any, paid by you to headspace for your use of the products."
Headspace.xml,ltd,2,"in no event shall the total aggregate liability of the protected entities to you for all damages, losses, and causes of action (whether in contract or tort, including, but not limited to, negligence or otherwise) arising from these terms of use or your use of the products exceed, in the aggregate, the amount, if any, paid by you to headspace for your use of the products."
Headspace.xml,cr,3,"all disputes arising out of, relating to, or in connection with these terms or your use of the products that cannot be resolved informally or in small claims court will be resolved through binding arbitration on an individual basis, except that you and headspace are not required to arbitrate any dispute in which either party seeks equitable relief for the alleged unlawful use of copyrights, trademarks, trade names, logos, trade secrets, or patents."
Headspace.xml,a,2,"all disputes arising out of, relating to, or in connection with these terms or your use of the products that cannot be resolved informally or in small claims court will be resolved through binding arbitration on an individual basis, except that you and headspace are not required to arbitrate any dispute in which either party seeks equitable relief for the alleged unlawful use of copyrights, trademarks, trade names, logos, trade secrets, or patents."
Headspace.xml,cr,3,"to the extent the parties are permitted under these terms to initiate litigation in a court, both you and headspace agree that all claims and disputes arising out of or relating to the terms or the use of the products will be litigated exclusively in the united states district court for the central district of california."
Headspace.xml,j,3,"to the extent the parties are permitted under these terms to initiate litigation in a court, both you and headspace agree that all claims and disputes arising out of or relating to the terms or the use of the products will be litigated exclusively in the united states district court for the central district of california."
Headspace.xml,cr,3,"if, however, that court would lack original jurisdiction over the litigation, then all claims and disputes arising out of or relating to the terms or the use of the products will be litigated exclusively in the superior court of california, county of los angeles."
Headspace.xml,j,3,"if, however, that court would lack original jurisdiction over the litigation, then all claims and disputes arising out of or relating to the terms or the use of the products will be litigated exclusively in the superior court of california, county of los angeles."
Headspace.xml,cr,3,you and headspace consent to the personal jurisdiction of both courts.
Headspace.xml,j,3,you and headspace consent to the personal jurisdiction of both courts.
Headspace.xml,cr,3,"except to the extent they are preempted by u.s. federal law, the laws of california, other than its conflict-of-laws principles, govern these terms and any disputes arising out of or relating to these terms or their subject matter, including tort claims."
Headspace.xml,law,2,"except to the extent they are preempted by u.s. federal law, the laws of california, other than its conflict-of-laws principles, govern these terms and any disputes arising out of or relating to these terms or their subject matter, including tort claims."
Headspace.xml,cr,3,"13.15 SEVERABILITY

If any provision of these Terms is found unenforceable, then that provision will be severed from these Terms and not affect the validity and enforceability of any remaining provisions.
These Terms are effective and were last updated on June 13, 2017.
Headspace, Inc. is located at 2415 Michigan Avenue, Santa Monica, CA 90404."
Endomondo.xml,use,2,"by using under armour’s products and services, you are agreeing to all the terms below."
Endomondo.xml,use,2,"your access and use of the services (regardless of whether you create an account with us), constitutes your agreement to these terms and our privacy policy, which is incorporated into the terms."
Endomondo.xml,ter,3,"with new products, services, and features launching all the time, we need the flexibility to make changes, impose limits, and occasionally suspend or terminate certain offerings."
Endomondo.xml,ch,2,"with new products, services, and features launching all the time, we need the flexibility to make changes, impose limits, and occasionally suspend or terminate certain offerings."
Endomondo.xml,ch,2,"we may also update our services, which might not work properly if you don’t install the updates."
Endomondo.xml,ch,2,"the services change frequently, and their form and functionality may change without prior notice to you."
Endomondo.xml,ch,2,we may also impose limits on certain services or restrict your access to part or all of the services without notice or liability.
Endomondo.xml,ltd,2,we may also impose limits on certain services or restrict your access to part or all of the services without notice or liability.
Endomondo.xml,ch,2,"we may also from time to time, as we see fit, develop and provide updates for certain services."
Endomondo.xml,ter,3,"we reserve the right to refuse service to anyone, and can monitor, terminate or suspend our services or your account at any time."
Endomondo.xml,ch,2,"we may change, suspend, or discontinue any or all of the services at any time, including the availability of any product, feature, database, or content."
Endomondo.xml,ter,3,"we may change, suspend, or discontinue any or all of the services at any time, including the availability of any product, feature, database, or content."
Endomondo.xml,ter,3,"we may also deactivate, terminate or suspend your account at any time: (1) if we, in our sole discretion, determine that you are or have been in violation of these terms or the spirit thereof (as highlighted in our community guidelines), (2) if we, in our sole discretion, determine that you have created risk or possible legal exposure for under armour or any other athlete, (3) in response to requests by law enforcement or other government agencies, (4) upon discontinuance or material modification of any services, or (5) due to unexpected technical issues or problems."
Endomondo.xml,use,2,"by using any of the commercial tools, you acknowledge and agree to the terms and any additional terms and conditions applicable to those select services."
Endomondo.xml,cr,2,we can edit or remove your content from our products and services at any time for any reason.
Endomondo.xml,cr,2,"we reserve the right to monitor, remove or modify user-generated content for any reason and at any time, including user-generated content that we believe violates these terms, the community guidelines, and/or our policies."
Endomondo.xml,ltd,2,under no circumstances will myfitnesspal be responsible for any loss or damage resulting from your reliance on nutritional information.
Endomondo.xml,ter,2,"if you violate the community guidelines, we reserve the right to terminate your access to the services."
Endomondo.xml,ter,2,"if we determine that you are violating the community guidelines or otherwise have breached the terms, we may take actions to address the issue, including, but not limited to, terminating your right to use the services, removing your user-generated content, taking legal action against you (in which case you agree that we may recover reasonable costs and attorneys’ fees) or disclosing information to law enforcement authorities."
Endomondo.xml,cr,2,"if we determine that you are violating the community guidelines or otherwise have breached the terms, we may take actions to address the issue, including, but not limited to, terminating your right to use the services, removing your user-generated content, taking legal action against you (in which case you agree that we may recover reasonable costs and attorneys’ fees) or disclosing information to law enforcement authorities."
Endomondo.xml,ltd,2,"as such, we are not liable for any damage or loss caused or alleged to be caused by or in connection with the use of or reliance on any such social networking services."
Endomondo.xml,ter,2,"if you do not pay the fees or charges due for your use of the premium services, we may make reasonable efforts to notify you and resolve the issue; however, we reserve the right to disable or terminate your access to the premium services (and may do so without notice)."
Endomondo.xml,ch,2,"to the maximum extent permitted by applicable laws, we may change our prices for premium services at any time."
Endomondo.xml,ter,2,under armour reserves the right to cancel discounts and coupon promotions at any time.
Endomondo.xml,ch,2,"premium service features and content may change at any time, and we cannot guarantee that any specific feature or content will be available for the entire free trial period."
Endomondo.xml,ch,2,"we reserve the right, in our absolute discretion, to modify or terminate any free trial offer, your access to the premium services during the free trial, or any of these terms without notice and with no liability."
Endomondo.xml,ter,3,"we reserve the right, in our absolute discretion, to modify or terminate any free trial offer, your access to the premium services during the free trial, or any of these terms without notice and with no liability."
Endomondo.xml,ltd,2,"we reserve the right, in our absolute discretion, to modify or terminate any free trial offer, your access to the premium services during the free trial, or any of these terms without notice and with no liability."
Endomondo.xml,ltd,3,"except as otherwise set out in these terms, and to the maximum extent permitted by applicable law, we are not responsible or liable, either directly or indirectly, for any injuries or damages that are sustained from your physical activities or your use of, or inability to use, any services or features of the services, including any content or activities that you access or learn about through our services (e.g., a third-party activity such as a yoga class), even if caused in whole or part by the action, inaction or negligence of under armour or by the action, inaction or negligence of others."
Endomondo.xml,ltd,2,"to the maximum extent permitted by applicable law, you also expressly agree that we do not assume responsibility for any third-party activity or any other race, contest, class, athletic activity or event that utilizes or is promoted by or accessed via the services."
Endomondo.xml,ch,2,"as under armour grows and improves, we might have to make changes to these terms or include additional terms that are specific to certain products."
Endomondo.xml,ch,2,"under armour reserves the right to modify these terms by (i) posting revised terms on and/or through the services, and/or (ii) providing advance notice to you of material changes to the terms, generally via email where practicable, and otherwise through the services (such as through a notification on the home page of the under armour websites or in our applications)."
Endomondo.xml,use,2,your use of the services following that date constitutes your acceptance of the terms and conditions of the terms as modified.
Endomondo.xml,ltd,2,"to the maximum extent permitted by applicable law, under no circumstances (including, without limitation, negligence) shall under armour, its subsidiaries, partners or any wireless carriers be liable to you or any third party for (a) any indirect, incidental, special, reliance, exemplary, punitive, or consequential damages of any kind whatsoever; (b) loss of profits, revenue, data, use, goodwill, or other intangible losses; (c) damages relating to your access to, use of, or inability to access or use the services; (d) damages relating to any conduct or content of any third party or athlete using the services, including without limitation, defamatory, offensive or illegal conduct or content; and/or (e) damages in any manner relating to any third-party content, third-party products or third-party activities accessed via the services."
Endomondo.xml,ltd,2,"to the maximum extent permitted by applicable law, this limitation applies to all claims, whether based on warranty, contract, tort, or any other legal theory, whether or not under armour has been informed of the possibility of such damage, and further where a remedy set forth herein is found to have failed its essential purpose."
Endomondo.xml,ltd,2,"to the maximum extent permitted by applicable law, the total liability of under armour, for any claim under these terms, including for any implied warranties, is limited to the greater of one thousand dollars (us $1,000.00) or the amount you paid us to use the applicable service(s) in the past twelve months."
Endomondo.xml,ltd,2,"in particular, to the extent permitted by applicable law, we are not liable for any claims arising out of (a) your use of the services (including but not limited to your participation in any activities promoted by or accessed via the services), (b) the use, disclosure, display, or maintenance of an athlete’s personal data and/or location data, (c) any other interactions with us or any other athletes using the services, even if we have been advised of the possibility of such damages, or (d) other content, information, services or goods received through or advertised on the services or received through any links provided with the services."
Endomondo.xml,law,2,"if you are a resident of the united states or any non-european union country: these terms shall be governed by and construed in accordance with the laws of the state of maryland and controlling u.s. federal law as applicable, without regard to its conflict of law principles."
Endomondo.xml,law,2,"if you are a resident of the european union: these terms shall be governed by and construed in accordance with dutch law, without regard to its conflict of law principles."
Endomondo.xml,law,2,"if you are a resident of canada: notwithstanding anything to the contrary herein, with respect to any purchase using a visa credit card at under armour’s canada website, these terms shall be governed by and construed in accordance with canadian law, without regard to its conflict of law principles."
Endomondo.xml,a,2,"except where prohibited, you and we agree to submit to the personal and exclusive arbitration of disputes relating to your general use of the services under the rules of the american arbitration association."
Endomondo.xml,j,3,"if this arbitration provision is found to be null and void, then all disputes arising under the terms between us will be subject to the jurisdiction of the state and federal courts located in baltimore, maryland, and you and we hereby submit to the personal jurisdiction and venue of these courts."
Endomondo.xml,j,1,"in addition, nothing in these terms limits your rights to bring an action against under armour in the local courts of your place of domicile."
Endomondo.xml,j,1,"all disputes arising under the terms between you and under armour will be subject to the non-exclusive jurisdiction of the courts located in your place of domicile, or the courts located in the netherlands, and you and we hereby submit to the personal jurisdiction and venue of these courts."
Oculus.xml,use,2,"by accepting these terms of service or using our services, you understand that this is a legally binding instrument and agree to be bound by the terms and conditions herein."
Oculus.xml,ch,2,oculus reserves the right to change or modify these terms in the future at any time and at our sole discretion.
Oculus.xml,ch,2,"if oculus makes changes to these terms, we will provide notice of such changes as appropriate, such as by sending an email notification to the address that you have provided, providing notice through the services and/or updating the ""last updated"" date at the top of these terms."
Oculus.xml,use,2,your continued use of the services will confirm your acceptance of the revised terms.
Oculus.xml,ter,2,"we reserve the right, at our sole discretion and where technically feasible, to disable your access to or ability to use services that we believe present a health and safety risk or violate our community standards, agreements, laws, regulations or policies."
Oculus.xml,ltd,2,"we will not incur any liability or responsibility if we choose to remove, disable or delete such access or ability to use any or all portion(s) of the services."
Oculus.xml,ltd,2,"oculus has no responsibility or liability with respect to your access to or use of the third-party content, or any content or functionality contained in such third-party content, your rights to which are solely provided pursuant to a licence between you and the provider of such third-party content."
Oculus.xml,cr,2,we may modify or discontinue virtual items or in-game currency at any time.
Oculus.xml,ltd,2,"oculus has no responsibility or liability for user content made available through the services, and we have no obligation to screen, edit or monitor such content."
Oculus.xml,cr,3,"however, we do reserve the right, and have absolute discretion, to remove, screen or edit user content at any time and for any reason."
Oculus.xml,ter,2,"in accordance with the us digital millennium copyright act (""dmca"") and other applicable laws, we have adopted a policy of terminating, in appropriate circumstances and at our sole discretion, accounts of users who are deemed to be repeat infringers."
Oculus.xml,ter,2,"we may also, at our sole discretion, limit access to the services and/or terminate the accounts of any users who infringe any intellectual property rights of others, whether or not there is any repeat infringement."
Oculus.xml,ltd,2,"you understand and agree that we are not responsible or liable for the availability or accuracy of such third-party properties or the content, products or services made available through such properties. we do not endorse or control such third-party properties and we make no representations or warranties of any kind regarding such properties."
Oculus.xml,ch,2,"we may update or revise these warnings and instructions, so please review them periodically."
Oculus.xml,ltd,2,"the oculus parties shall have no liability for any lost profits or other consequential, special, punitive, indirect or incidental damages, arising from or related to your use or inability to use the services, even if an oculus party has been advised of the possibility of such damages."
Oculus.xml,ltd,2,in no event shall the aggregate liability of the oculus parties arising out of or relating to the use of or inability to use the services exceed the greater of one hundred us dollars ($100) or the amount that you paid us to use our services.
Oculus.xml,ltd,2,the foregoing disclaimer of certain damages and limitation of liability will apply to the maximum extent permitted by applicable law.
Oculus.xml,ltd,1,"notwithstanding anything to the contrary in these terms, nothing in these terms excludes or limits our liability for fraud or for death or personal injury caused by our negligence."
Oculus.xml,j,3,"you agree to bring a dispute in small claims court in san mateo county, california, or, if you reside in the us, in a small claims court in your county of residence."
Oculus.xml,a,2,"you and oculus empower the arbitrator with the exclusive authority to resolve any dispute relating to the interpretation, applicability or enforceability of these terms or formation of this contract, including the arbitrability of any dispute and any claim that all or any part of these terms are void or voidable."
Oculus.xml,law,2,"you and oculus agree that these terms affect interstate commerce and that the enforceability of section 18 shall be governed by, construed and enforced, both substantively and procedurally, by the us federal arbitration act, title 9 (1) et seq. u.s.c. (""faa"") to the maximum extent permitted by applicable law."
Oculus.xml,law,2,oculus is based in the united states and our services are subject to us law.
Oculus.xml,law,2,"the laws of the state of california, excluding its conflicts of law rules, govern your access to and use of the services."
Oculus.xml,j,3,"to the extent that the provisions in section 18 do not apply, you further agree that all disputes, causes of action, claims or controversies arising under these terms that cannot be settled through informal negotiation will be resolved exclusively in the united states district court for the northern district of california or a state court located in san mateo county, and you agree to submit to the personal jurisdiction of such courts for the purposes of litigating all such claims."
Oculus.xml,ch,2,"oculus reserves the right to change, suspend, remove, discontinue or disable access to the services or particular portions thereof, at any time and without notice."
Oculus.xml,ter,3,"oculus reserves the right to change, suspend, remove, discontinue or disable access to the services or particular portions thereof, at any time and without notice."
Oculus.xml,ch,2,in no event will oculus be liable for the removal of or disabling of access to any portion or feature of the services.
Oculus.xml,ltd,2,in no event will oculus be liable for the removal of or disabling of access to any portion or feature of the services.
Oculus.xml,ch,2,"we reserve the right to terminate your right to access and use the services if you violate these terms or any other terms or policies referenced herein, or if you otherwise create risk or possible legal exposure for us."
Oculus.xml,ter,2,"we reserve the right to terminate your right to access and use the services if you violate these terms or any other terms or policies referenced herein, or if you otherwise create risk or possible legal exposure for us."
Oculus.xml,ch,2,"22. Severability
If any provision of these Terms shall be deemed unlawful, void or for any reason unenforceable, then that provision shall be deemed severable from these Terms and shall not affect the validity and enforceability of any remaining provisions.

23. Assignment
You may not assign these Terms or any of the rights granted hereunder without the prior written consent of Oculus, and any attempted assignment without such consent shall be void. Subject to the foregoing restriction, these Terms will be fully binding upon, inure to the benefit of and enforceable by us and our respective successors and assignees.

24. Non-waiver
Any failure by Oculus to insist upon or enforce performance by you of any of the provisions of these Terms or to exercise any rights or remedies under these Terms or otherwise by law will not be construed as a waiver or relinquishment of any right to assert or rely upon the provision, right or remedy in that or any other instance; rather, the provision, right or remedy will be and remain in full force and effect.

25. Contact us
If you have any questions or concerns regarding these Terms or our Services, please contact us through the support portal at https://support.oculus.com.

26. Special provisions applicable to users outside the United States
Certain specific terms that apply only for German users are available at https://www.oculus.com/legal/terms-applicable-to-germany/. Please review these terms carefully if you reside in Germany."
Instagram.xml,use,2,"by accessing or using the instagram website, the instagram service, or any applications (including mobile applications) made available by instagram (together, the ""service""), however accessed, you agree to be bound by these terms of use (""terms of use"")."
Instagram.xml,a,2,"except if you opt-out and except for certain types of disputes described in the arbitration section below, you agree that disputes between you and instagram will be resolved by binding, individual arbitration and you waive your right to participate in a class action lawsuit or class-wide arbitration."
Instagram.xml,ter,2,"violation of these terms of use may, in instagram's sole discretion, result in termination of your instagram account."
Instagram.xml,ter,2,"if you violate the letter or spirit of these terms of use, or otherwise create risk or possible legal exposure for instagram, we can stop providing all or part of the service to you."
Instagram.xml,ter,3,"we reserve the right to modify or terminate the service or your access to the service for any reason, without notice, at any time, and without liability to you."
Instagram.xml,ch,2,"we reserve the right to modify or terminate the service or your access to the service for any reason, without notice, at any time, and without liability to you."
Instagram.xml,cr,3,"if we terminate your access to the service or you use the form detailed above to deactivate your account, your photos, comments, likes, friendships, and all other data will no longer be accessible through your account (e.g., users will not be able to navigate to your username and view your photos), but those materials and data may persist and appear within the service (e.g., if your content has been reshared by others)."
Instagram.xml,ch,2,"we reserve the right, in our sole discretion, to change these terms of use (""updated terms"") from time to time."
Instagram.xml,use,2,"you agree that we may notify you of the updated terms by posting them on the service, and that your use of the service after the effective date of the updated terms (or engaging in such other conduct as we may reasonably specify) constitutes your agreement to the updated terms."
Instagram.xml,ch,2,"therefore, you should review these terms of use and any updated terms before using the service."
Instagram.xml,cr,2,"we may, but have no obligation to, remove, edit, block, and/or monitor content or accounts containing content that we determine in our sole discretion violates these terms of use."
Instagram.xml,ltd,2,you agree that instagram is not responsible or liable for the conduct of any user.
Instagram.xml,ltd,2,you expressly acknowledge and agree that instagram is in no way responsible or liable for any such third-party services or features.
Instagram.xml,cr,3,"also, instagram reserves the right to remove any content from the service for any reason, without prior notice."
Instagram.xml,ltd,2,"instagram will not be liable to you for any modification, suspension, or discontinuation of the services, or the loss of any content."
Instagram.xml,ltd,2,"except as otherwise described in the service's privacy policy, available at http://instagram.com/legal/privacy/, as between you and instagram, any content will be non-confidential and non-proprietary and we will not be liable for any use or disclosure of content."
Instagram.xml,ltd,2,"none of your content will be subject to any obligation of confidence on the part of instagram, and instagram will not be liable for any use or disclosure of any content you provide."
Instagram.xml,ltd,3,"the instagram parties do not endorse content and specifically disclaim any responsibility or liability to any person or entity for any loss, damage (whether actual, consequential, punitive or otherwise), injury, claim, liability or other cause of any kind or character based upon or resulting from any content."
Instagram.xml,ltd,2,"under no circumstances will the instagram parties be liable to you for any loss or damages of any kind (including, without limitation, for any direct, indirect, economic, exemplary, special, punitive, incidental or consequential losses or damages) that are directly or indirectly related to: (a) the service; (b) the instagram content; (c) user content; (d) your use of, inability to use, or the performance of the service; (e) any action taken in connection with an investigation by the instagram parties or law enforcement authorities regarding your or any other party's use of the service; (f) any action taken in connection with copyright or other intellectual property owners; (g) any errors or omissions in the service's operation; or (h) any damage to any user's computer, mobile device, or other equipment or technology including, without limitation, damage from any security breach or from any virus, bugs, tampering, fraud, error, omission, interruption, defect, delay in operation or transmission, computer line or network failure or any other technical or other malfunction, including, without limitation, damages for lost profits, loss of goodwill, loss of data, work stoppage, accuracy of results, or computer failure or malfunction, even if foreseeable or even if the instagram parties have been advised of or should have known of the possibility of such damages, whether in an action of contract, negligence, strict liability or tort (including, without limitation, whether caused in whole or in part by negligence, acts of god, telecommunications failure, or theft or destruction of the service)."
Instagram.xml,ltd,3,"in no event will the instagram parties be liable to you or anyone else for loss, damage or injury, including, without limitation, death or personal injury."
Instagram.xml,ltd,2,"in no event will the instagram parties total liability to you for all damages, losses or causes or action exceed one hundred united states dollars ($100.00)."
Instagram.xml,ltd,2,"instagram is not responsible for the actions, content, information, or data of third parties, and you release us, our directors, officers, employees, and agents from any claims and damages, known and unknown, arising out of or in any way connected with any claim you have against any such third parties."
Instagram.xml,a,2,"except if you opt-out or for disputes relating to: (1) your or instagram's intellectual property (such as trademarks, trade dress, domain names, trade secrets, copyrights and patents); (2) violations of the api terms; or (3) violations of provisions 13 or 15 of the basic terms, above (""excluded disputes""), you agree that all disputes between you and instagram (whether or not such dispute involves a third party) with regard to your relationship with instagram, including without limitation disputes related to these terms of use, your use of the service, and/or rights of privacy and/or publicity, will be resolved by binding, individual arbitration under the american arbitration association's rules for arbitration of consumer-related disputes and you and instagram hereby expressly waive trial by jury."
Instagram.xml,law,2,"these terms of use are governed by and construed in accordance with the laws of the state of california, without giving effect to any principles of conflicts of law and will specifically not be governed by the united nations conventions on contracts for the international sale of goods, if otherwise applicable."
Instagram.xml,j,3,"for any action at law or in equity relating to the arbitration provision of these terms of use, the excluded disputes or if you opt out of the agreement to arbitrate, you agree to resolve any dispute you have with instagram exclusively in a state or federal court located in santa clara, california, and to submit to the personal jurisdiction of the courts located in santa clara county for the purpose of litigating all such disputes."
Vimeo.xml,use,2,"by registering as a member or by using the vimeo service in any way, you accept these terms of service (""agreement""), which forms a binding agreement between you and vimeo."
Vimeo.xml,ltd,2,"if your account is terminated due to your breach of this agreement during the relevant cancelation period, you will not be refunded."
Vimeo.xml,ter,2,"vimeo reserves the right to deny subscriptions, renewals, and other purchases for any reason."
Vimeo.xml,ter,2,"vimeo may suspend, disable, or delete your account (or any part thereof) or block or remove any content you submitted if vimeo determines that you have violated any provision of this agreement or that your conduct or content would tend to damage vimeo's reputation and goodwill."
Vimeo.xml,cr,2,"vimeo may suspend, disable, or delete your account (or any part thereof) or block or remove any content you submitted if vimeo determines that you have violated any provision of this agreement or that your conduct or content would tend to damage vimeo's reputation and goodwill."
Vimeo.xml,ch,2,vimeo reserves the right to modify the vimeo service.
Vimeo.xml,ltd,2,"to the fullest extent permitted by law: (i) vimeo shall not be liable for any direct, indirect, incidental, special, consequential, or exemplary damages, including but not limited to damages for loss of profits, goodwill, use, data or other intangible losses; and (ii) vimeo's total liability to you shall not exceed the amounts paid by you to vimeo over the twelve (12) months preceding your claim(s)."
Vimeo.xml,law,2,"this agreement shall be governed by the laws of the state of new york, united states of america, without regard to principles of conflicts of law."
Vimeo.xml,j,3,"any action arising out of or relating to this agreement or your use of the vimeo service must be commenced in the state or federal courts located in new york county, new york, united states of america (and you consent to the jurisdiction of those courts)."
Fitbit.xml,use,2,"if you do not have an account, you accept these terms by using any part of the fitbit service."
Fitbit.xml,ter,2,any violation or attempted violation of this provision may result in the immediate termination of your ability to access the fitbit service.
Fitbit.xml,cr,2,"fitbit may, in its sole discretion, alter, remove, or refuse to display any of your content, and may forbid you from posting, uploading, storing, sharing, sending, or displaying your content to and via the fitbit service."
Fitbit.xml,ter,3,this limited right may be revoked at any time in fitbit’s sole discretion.
Fitbit.xml,cr,2,"we reserve the right (but are not required) to remove or disable access to the fitbit service, any fitbit content, or your content at any time and without notice, and at our sole discretion, if we determine that the fitbit content, your content, or your use of the fitbit service is objectionable or in violation of these terms."
Fitbit.xml,ter,3,"we reserve the right (but are not required) to remove or disable access to the fitbit service, any fitbit content, or your content at any time and without notice, and at our sole discretion, if we determine that the fitbit content, your content, or your use of the fitbit service is objectionable or in violation of these terms."
Fitbit.xml,ter,2,"it is fitbit’s policy, in appropriate circumstances and at our discretion, to disable or terminate the accounts of users who repeatedly infringe the rights of copyright holders."
Fitbit.xml,ch,2,"we may accept, decline, or place limits on your order for any reason."
Fitbit.xml,ch,2,"fitbit may change or discontinue, temporarily or permanently, any feature or component of the fitbit service at any time without notice."
Fitbit.xml,ter,3,"fitbit may change or discontinue, temporarily or permanently, any feature or component of the fitbit service at any time without notice."
Fitbit.xml,ltd,2,"fitbit is not liable to you or to any third party for any modification, suspension, or discontinuance of any feature or component of the fitbit service."
Fitbit.xml,ter,3,"we reserve the right to suspend or deactivate your account or your access to certain aspects or all of the fitbit service, or to terminate these terms, at our sole discretion, at any time and without notice or liability to you."
Fitbit.xml,cr,2,"upon any such suspension, deactivation, or termination, we may delete or remove your content and other information related to your account."
Fitbit.xml,ltd,2,"neither fitbit, its suppliers, or licensors, nor any other party involved in creating, producing, or delivering the fitbit service will be liable for any incidental, special, exemplary, or consequential damages, including lost profits, loss of data or goodwill, service interruption, computer damage, or system failure or the cost of substitute services arising out of or in connection with these terms or from the use of or inability to use the fitbit service, whether based on warranty, contract, tort (including negligence), product liability, or any other legal theory, and whether or not fitbit has been informed of the possibility of such damage, even if a limited remedy set forth herein is found to have failed of its essential purpose."
Fitbit.xml,ltd,2,"in no event will fitbit’s total liability arising out of or in connection with these terms or from the use of or inability to use the fitbit service exceed the amounts you have paid to fitbit for use of the fitbit service or one hundred dollars ($100), if you have not had any payment obligations to fitbit, as applicable."
Fitbit.xml,a,2,"you agree that any dispute between you and fitbit arising out of or relating to these terms of service, the fitbit service, or any other fitbit products or services (collectively, “disputes”) will be governed by the arbitration procedure outlined below."
Fitbit.xml,law,2,"except as otherwise required by applicable law, the terms of service and the resolution of any disputes shall be governed by and construed in accordance with the laws of the state of california without regard to its conflict of laws principles."
Fitbit.xml,a,2,"we both agree to arbitrate: you and fitbit agree to resolve any disputes through final and binding arbitration, except as set forth under exceptions to agreement to arbitrate below."
Fitbit.xml,j,3,"judicial forum for disputes: except as otherwise required by applicable law, in the event that the agreement to arbitrate is found not to apply to you or your claim, you and fitbit agree that any judicial proceeding (other than small claims actions) will be brought in the federal or state courts of san francisco county, california."
Syncme.xml,use,2,"by installing, accessing or otherwise using the service you acknowledge and warrant that you hereby consent to be bound by the terms of this agreement, and to the terms of the privacy policy (available at: sync.me/privacy), which is incorporated herein by reference."
Syncme.xml,ter,2,"we are entitled, without any liability, to refuse, restrict, limit, suspend and/or interfere or interrupt the service or any part thereof, without any notice to you for the repair, improvement, and/or upgrade of the service or for any of the reasons for termination as mentioned below."
Syncme.xml,ltd,2,"the company does not warrant, endorse and will not be liable to any damage or claim for any user submissions, including without limitation, its accuracy, engagement with commercial activity, spam, or any attempts to defraud or manipulate other users with deceptive means or misrepresentation."
Syncme.xml,ltd,2,"you hereby expressly agree, that to the fullest extent not prohibited by the applicable law, that the company shall not be liable, in any event, for:

any direct, indirect, special, incidental, consequential or exemplary damages, under any theory of liability, including but not limited to contract, tort (including negligence), damages for loss of data, profits and goodwill, arising out of the use, misuse or inability to use the service, or by any form of malware, whether or not the company was or should have been aware or advised of the possibility of such damages;

any information stored, processed or transmitted via the service, including user submissions;

the validity, correctness or accurateness of any content disseminated, provided or otherwise delivered in connection with your use of the service."
Syncme.xml,law,2,this agreement is governed by and construed in accordance with the laws of the state of israel without giving effect to any principles of conflicts of law.
Syncme.xml,a,2,"you hereby agree that all disputes between you and the company (whether or not such dispute involves a third party) arising out of or in connection with your relationship with the company, including without limitation disputes related to the terms of this agreement or the privacy policy, your use of the service, and/or rights of privacy and/or publicity, will be finally settled by binding, individual arbitration under the rules of arbitration of the international chamber of commerce by one arbitrator appointed in accordance with the said rules."
Syncme.xml,a,4,the place of arbitration shall be tel aviv and judgment on the award rendered by the arbitrator may be entered in any court having competent jurisdiction.
Syncme.xml,a,4,"any provision of applicable law notwithstanding, the arbitrator will not have authority to award damages, remedies or awards that conflict with these terms of use."
Syncme.xml,a,4,you may opt out of this arbitration agreement.
Syncme.xml,a,4,"to opt out, you must notify the company in writing within thirty (30) days of the date that you first become subject to this agreement."
Syncme.xml,a,4,"if you do so, neither you nor the company can require the other to participate in an arbitration proceeding, however, both you and the company hereby expressly waive trial by jury."
Syncme.xml,a,4,you may bring claims only on your own behalf.
Syncme.xml,a,4,"neither you nor the company will participate in a class action or class-wide arbitration for any claims covered by this agreement. you hereby agree not to participate in claims brought in a private attorney general or representative capacity, or consolidated claims involving another person’s account in the service, if the company is a party to the proceeding."
Syncme.xml,a,4,"you hereby agree that any claim may have arising out of or related to your relationship with the company must be filed within one (1) year after from the arising incident; otherwise, your claim shall be permanently barred."
Syncme.xml,ter,2,if you repeatedly infringe third parties' ip your access to the service may be restricted or blocked at the company's sole discretion.
Syncme.xml,ter,3,"the company reserves the right (but has no obligation), at its sole discretion and without prior notice to:

terminate your account or your access to the service, for any reason, or where it determined that you have breached any of the terms of this agreement or of the privacy policy.

monitor or review any content submitted by you in connection with the service, reject any content submitted or remove any content from the service, or refuse your requests in connection with the service."
Syncme.xml,cr,3,"the company reserves the right (but has no obligation), at its sole discretion and without prior notice to:

terminate your account or your access to the service, for any reason, or where it determined that you have breached any of the terms of this agreement or of the privacy policy.

monitor or review any content submitted by you in connection with the service, reject any content submitted or remove any content from the service, or refuse your requests in connection with the service."
Syncme.xml,ch,2,"the company reserves the right, at its sole discretion, to periodically amend or revise the terms of this agreement; material changes will be effective immediately upon the publication of the amended agreement."
Syncme.xml,use,2,"your continued use of the service, following the amendment of the agreement, constitutes your acknowledgement and consent of such amendments to the agreement."
Viber.xml,use,2,"when you use our services, in addition to enjoying a world of good vibes, you also agree to the terms and they affect your rights and obligations."
Viber.xml,ch,2,"we are always working on adding additional features to our services, and because of that, and also since sometimes applicable laws change, we may revise and reissue these terms occasionally, by posting updated terms at /viber-terms-use."
Viber.xml,use,2,your continued use of any of our services will be deemed as your acceptance of any revisions.
Viber.xml,ter,2,"if we at viber believe the details are not correct, current, or complete, we have the right prevent you from accessing our services, or any of its resources and to terminate or suspend your account."
Viber.xml,ch,2,the rates for calling landlines and mobile phones outside of the viber community consist of a per-minute rate as set out on http://account.viber.com/.
Viber.xml,ch,2,viber may change the rates for calling phones at any time without notice to you by posting such change at http://account.viber.com/.
Viber.xml,ch,2,viber may change the prices of such products at any time without any notice to you.
Viber.xml,ltd,2,viber may remove or modify any content without notice or liability at any time in viber’s sole discretion.
Viber.xml,cr,3,viber may remove or modify any content without notice or liability at any time in viber’s sole discretion.
Viber.xml,ltd,2,any use of the forums will be at your own risk and will be subject to the disclaimers and limitations on liability set out above.
Viber.xml,ter,3,"however, because we want to protect you and other users and make sure your experience is positive, we reserve the right at all times (but will not have an obligation) to remove or refuse to distribute any user content on the service, to suspend or terminate users, and to block participants of viber public chats without liability to us, including where such user content, in our sole discretion, violates these terms, including these house rules, the public chat & public accounts terms & guidelines  or any additional terms, or that we otherwise find objectionable."
Viber.xml,cr,2,"however, because we want to protect you and other users and make sure your experience is positive, we reserve the right at all times (but will not have an obligation) to remove or refuse to distribute any user content on the service, to suspend or terminate users, and to block participants of viber public chats without liability to us, including where such user content, in our sole discretion, violates these terms, including these house rules, the public chat & public accounts terms & guidelines  or any additional terms, or that we otherwise find objectionable."
Viber.xml,ltd,2,"however, because we want to protect you and other users and make sure your experience is positive, we reserve the right at all times (but will not have an obligation) to remove or refuse to distribute any user content on the service, to suspend or terminate users, and to block participants of viber public chats without liability to us, including where such user content, in our sole discretion, violates these terms, including these house rules, the public chat & public accounts terms & guidelines  or any additional terms, or that we otherwise find objectionable."
Viber.xml,ltd,2,"viber will not be liable for any loss that you may incur as a result of someone else using your user account, either with or without your knowledge."
Viber.xml,ter,2,"if you use a username and password that viber considers insecure, viber will be entitled to require this to be changed and/or terminate your user account."
Viber.xml,ter,2,"where permissible under the law, viber has the right to terminate your rights under our service without notice."
Viber.xml,ltd,1,"if you are accessing a united kingdom or luxembourg version of the service, nothing in this agreement shall exclude or limit liability for death or personal injury resulting from the negligence of either party or their servants, agents, or employees."
Viber.xml,ltd,2,"the viber group disclaims all liability, whether based in contract, tort (including negligence), strict liability, or otherwise, and does not accept any liability for any loss or damage (direct, indirect, punitive, actual, consequential, incidental, special, exemplary, or otherwise) resulting from any use of, or inability to use, the service or any other site, app or service, or the material, information, software, facilities, services, or other content on the service or any other site, app or service, regardless of the basis upon which liability is claimed and even if any member of the viber group has been advised of the possibility of such loss or damage."
Viber.xml,ltd,2,"if applicable law does not allow all or any part of the above limitation of liability to apply to you, the limitations will apply to you only to the extent permitted by applicable law."
Viber.xml,ltd,2,in no event shall our total liability to you for all damages (other than as may be required by applicable law in cases involving personal injury) exceed the amount of fifty dollars ($50.00).
Viber.xml,cr,2,"if viber believes, in its sole discretion, that a violation of these terms has occurred, it may edit or modify any submission, posting or emails, remove the material permanently, cancel postings, warn users, suspend users and passwords, terminate accounts, or take other corrective action it deems appropriate."
Viber.xml,ter,2,"if viber believes, in its sole discretion, that a violation of these terms has occurred, it may edit or modify any submission, posting or emails, remove the material permanently, cancel postings, warn users, suspend users and passwords, terminate accounts, or take other corrective action it deems appropriate."
Viber.xml,ter,3,"viber reserves the right to modify or discontinue, temporarily or permanently, all or any part of this service and/or any software, facilities, and services on this service, with or without notice and/or to establish general guidelines and limitations on their use."
Viber.xml,cr,3,"viber reserves the right to modify or discontinue, temporarily or permanently, all or any part of this service and/or any software, facilities, and services on this service, with or without notice and/or to establish general guidelines and limitations on their use."
Viber.xml,law,2,"to the extent permitted by law, and with the exception of section 8 (which will be construed in accordance with the faa and new york law), these terms shall be governed by, construed and enforced in accordance with the laws of the state of new york, as they are applied to agreements entered into and to be performed entirely within new york."
Viber.xml,a,2,"if you ever wish to seek any relief from us, you agree to do it only through arbitration, and you waive the ability to pursue class action."
Viber.xml,a,2,"to the fullest extent permissible by law, with the exception of disputes pertaining to viber’s intellectual property rights and certain statutory claims that, pursuant to law, are not arbitrable, any dispute of any kind between you and viber arising under these terms shall be resolved through binding arbitration pursuant to the jams streamlined arbitration rules and procedures on an individual basis with no class relief."
Nintendo.xml,ch,2,"nintendo may from time to time change the nintendo account service, in part or in whole, for the benefit of the nintendo account service users."
Nintendo.xml,cr,2,"however, if nintendo becomes aware of possibly unlawful or inappropriate user-generated content, ncl reserves the right to delete or to block access to such user-generated content at its own discretion."
Nintendo.xml,ch,2,"you acknowledge that the nintendo account service may be changed, in part or in whole, at any time and any user-generated content may be deleted from the nintendo account service at any time."
Nintendo.xml,cr,3,"you acknowledge that the nintendo account service may be changed, in part or in whole, at any time and any user-generated content may be deleted from the nintendo account service at any time."
Nintendo.xml,ltd,1,ncl is liable for damages arising as a foreseeable result of ncl's negligence or ncl's breach of this agreement.
Nintendo.xml,ltd,1,noe is liable for damages arising as foreseeable result of noe's negligence or noe's breach of this agreement.
Nintendo.xml,ltd,2,we are not responsible for any loss or damage that is not foreseeable.
Nintendo.xml,ltd,2,"as the nintendo account service is for your own personal recreational and non-commercial use, we are also not responsible for any loss of profit, loss of business, business interruption, loss of data or loss of business opportunity."
Nintendo.xml,ltd,1,"we do not in any way exclude or limit our liability for: intent or gross negligence; death or personal injury; fraud or fraudulent misrepresentation; any breach of the terms implied by law relating to our title to the nintendo intellectual property; any breach of the terms implied by law relating to the description, satisfactory quality and fitness for purpose of products which may be offered via the nintendo account service; and product liability."
Nintendo.xml,ch,2,nintendo may change the terms and conditions of this agreement at any time so far as this is necessary or helpful to enhance the service or to adapt it to reflect changes in technical or legal requirements.
Nintendo.xml,ter,2,"if you object to the changes, nintendo reserves the right to terminate this agreement or any portion of it upon reasonable notice and you will have to register again if you wish to continue using the nintendo account service under the new terms and conditions."
Nintendo.xml,ter,2,"nintendo may terminate this agreement, or any part of this agreement, at any time, without notice if you breach the terms of this agreement."
Nintendo.xml,ter,2,"nintendo may also terminate this agreement, or any part of this agreement, at any time, for legal, technical or commercial reasons."
Nintendo.xml,law,2,"except to the extent expressly provided in section 14.2, this agreement and the relationship between you and ncl shall be governed by the laws of japan, to the exclusion of the un sales convention on contracts for the international sale of goods."
Nintendo.xml,law,2,"the relationship between you and noe, in particular when acquiring digital products via the nintendo shopping services from noe, shall be governed by the laws of germany, to the exclusion of the un sales convention on contracts for the international sale of goods."
Tinder.xml,use,2,"by creating a tinder account or by using the tinder imessage app (“tinder stacks”), whether through a mobile device, mobile application or computer (collectively, the “service”) you agree to be bound by (i) these terms of use, (ii) our privacy policy and safety tips, each of which is incorporated by reference into this agreement, and (iii) any terms disclosed and agreed to by you if you purchase additional features, products or services we offer on the service (collectively, this “agreement”)."
Tinder.xml,ch,2,we may make changes to this agreement and to the services from time to time.
Tinder.xml,ch,2,"the most recent version of this agreement will be posted on the services under settings and also on gotinder.com, and you should regularly check for the most recent version."
Tinder.xml,use,2,"if you continue to use the services after the changes become effective, then you agree to the revised agreement."
Tinder.xml,cr,2,"this means we may add new product features or enhancements from time to time as well as remove some features, and if these actions do not materially affect your rights or obligations, we may not provide you with notice before taking them."
Tinder.xml,ch,2,"this means we may add new product features or enhancements from time to time as well as remove some features, and if these actions do not materially affect your rights or obligations, we may not provide you with notice before taking them."
Tinder.xml,ter,3,"we may even suspend the services entirely, in which event we will notify you in advance unless extenuating circumstances, such as safety or security concerns, prevent us from doing so."
Tinder.xml,ter,2,tinder may terminate your account at any time without notice if it believes that you have violated this agreement.
Tinder.xml,ltd,2,"though tinder strives to encourage a respectful user experience through features like the double opt-in that only allows users to communicate if they have both indicated interest in one another, it is not responsible for the conduct of any user on or off of the services."
Tinder.xml,ter,2,"the company may investigate and take any available legal action in response to illegal and/ or unauthorized uses of the service, including termination of your account."
Tinder.xml,cr,3,"we may delete any content, in whole or in part, that in our sole judgment violates this agreement or may harm the reputation of the service."
Tinder.xml,ter,2,"if we feel that your behavior towards any of our customer care representatives or other employees is at any time threatening or offensive, we reserve the right to immediately terminate your account."
Tinder.xml,ter,2,"tinder reserves the right to investigate and/ or terminate your account without a refund of any purchases if you have misused the service or behaved in a way that tinder regards as inappropriate or unlawful, including actions or communications that occur off the service but involve users you meet through the service."
Tinder.xml,ltd,2,"although tinder reserves the right to review and remove content that violates this agreement, such content is the sole responsibility of the user who posts it, and tinder cannot guarantee that all content will comply with this agreement."
Tinder.xml,cr,2,"although tinder reserves the right to review and remove content that violates this agreement, such content is the sole responsibility of the user who posts it, and tinder cannot guarantee that all content will comply with this agreement."
Tinder.xml,ter,2,"if you initiate a chargeback or otherwise reverse a payment made with your payment method, tinder may terminate your account immediately in its sole discretion."
Tinder.xml,cr,2,"virtual items do not incur fees for non-use, however, the license granted to you in virtual items will terminate in accordance with the terms of this agreement, when tinder ceases providing the service or your account is otherwise closed or terminated."
Tinder.xml,ch,2,"tinder, in its sole discretion, reserves the right to charge fees for the right to access or use virtual items and/ or may distribute virtual items with or without charge."
Tinder.xml,ch,2,"tinder may manage, regulate, control, modify or eliminate virtual items at any time."
Tinder.xml,ltd,2,tinder shall have no liability to you or any third party in the event that tinder exercises any such rights.
Tinder.xml,use,2,the provision of virtual items for use in the service is a service provided by tinder that commences immediately upon the acceptance of your purchase of such virtual items.
Tinder.xml,ltd,2,"you acknowledge that tinder is not required to provide a refund for any reason, and that you will not receive money or other compensation for unused virtual items when an account is closed, whether such closure was voluntary or involuntary."
Tinder.xml,ltd,2,"tinder does not represent or warrant that (a) the service will be uninterrupted, secure or error free, (b) any defects or errors in the service will be corrected, or (c) that any content or information you obtain on or through the services will be accurate."
Tinder.xml,ltd,2,"tinder takes no responsibility for any content that you or another user or third party posts, sends or receives through the services."
Tinder.xml,ltd,2,tinder is not responsible or liable for such third parties’ terms or actions.
Tinder.xml,ltd,2,"to the fullest extent permitted by applicable law, in no event will tinder, its affiliates, employees, licensors or service providers be liable for any indirect, consequential, exemplary, incidental, special or punitive damages, including, without limitation, loss of profits, whether incurred directly or indirectly, or any loss of data, use, goodwill, or other intangible losses, resulting from: (i) your access to or use of or inability to access or use the services, (ii) the conduct or content of other users or third parties on, through, or following use of the services; or (iii) unauthorized access, use or alteration of your content, even if tinder has been advised of the possibility of such damages."
Tinder.xml,ltd,2,"in no event will tinder’s aggregate liability to you for all claims relating to the service exceed the amount paid, if any, by you to tinder for the service while you have an account."
Tinder.xml,a,2,the exclusive means of resolving any dispute or claim arising out of or relating to this agreement (including any alleged breach thereof) or the service shall be binding arbitration administered by the american arbitration association under the consumer arbitration rules.
Tinder.xml,use,2,"by using the service in any manner, you agree to the above arbitration agreement."
Tinder.xml,j,3,"in the event that this arbitration agreement is for any reason held to be unenforceable, any litigation against the company (except for small-claims court actions) may be commenced only in the federal or state courts located in dallas county, texas."
Tinder.xml,law,2,"this agreement, and any dispute between you and the company, shall be governed by the laws of the state of texas without regard to principles of conflicts of law, provided that this arbitration agreement shall be governed by the federal arbitration act."
Tinder.xml,law,2,"for users residing in the eu or european economic area or elsewhere where our arbitration agreement is prohibited by law, the laws of texas, u.s.a., excluding texas’s conflict of laws rules, will apply to any disputes arising out of or relating to this agreement or the services."
Tinder.xml,j,1,"except for users residing in the eu or european economic area, who may bring claims in their country of residence in accordance with applicable law, all claims arising out of or relating to this agreement or the services will be litigated exclusively in the federal or state courts of dallas county, texas, u.s.a., and you and tinder consent to personal jurisdiction in those courts."
Betterpoints_UK.xml,use,2,when you (“you”) sign up with betterpoints.uk you agree to all of the terms and conditions of this agreement (“agreement”).
Betterpoints_UK.xml,ter,3,"your right to use the service is subject to any limitations, conditions and restrictions established by us from time to time, in our sole discretion."
Betterpoints_UK.xml,ter,3,"we may alter, suspend or discontinue any aspect of the service at any time, including the availability of any service feature, database or content."
Betterpoints_UK.xml,ch,2,"we may alter, suspend or discontinue any aspect of the service at any time, including the availability of any service feature, database or content."
Betterpoints_UK.xml,ter,3,we may also impose limits on certain features and aspects of the service or restrict your access to parts or all of the service without notice or liability.
Betterpoints_UK.xml,ch,2,we may also impose limits on certain features and aspects of the service or restrict your access to parts or all of the service without notice or liability.
Betterpoints_UK.xml,ter,2,"if your account is seen to be dormant (showing no transactions) for 18 months or more, we reserve the right to terminate your account."
Betterpoints_UK.xml,ltd,2,"we expressly exclude, to the fullest extent permitted by law, all liability of betterpoints.uk, its directors, employees or other representatives, howsoever arising, for any loss suffered as a result of your use of this website or involvement in any way with betterpoints.uk."
Betterpoints_UK.xml,ltd,2,"betterpoints.uk is also not responsible or liable for any reputational goodwill damage or loss to you through being associated with betterpoints.uk by being a member, partner, merchant or any other involvement with betterpoints.uk."
Betterpoints_UK.xml,cr,2,"while we do not and cannot review every message or other material posted or sent by users of the service, and are not responsible for any content of these messages or materials, we reserve the right, but are not obligated, to delete, move, or edit messages or materials, including without limitation property profiles, public postings and messages, that we, in our sole discretion, deem to violate the code of conduct set out above or any applicable content guidelines, or to be otherwise unacceptable."
Betterpoints_UK.xml,ter,3,"we may, in our sole discretion, terminate or suspend your access to all or part of the service at any time, with or without notice, for any reason, including, without limitation, breach of this agreement."
Betterpoints_UK.xml,ter,3,"without limiting the generality of the foregoing, any fraudulent, abusive, or otherwise illegal activity, or that may otherwise affect the enjoyment of the service or the internet by others may be grounds for termination of your access to all or part of the service at our sole discretion, and you may be referred to appropriate law enforcement agencies."
Betterpoints_UK.xml,ltd,2,"you acknowledge that we are not responsible for suspension of the service, regardless of the cause of the interruption or suspension."
Betterpoints_UK.xml,ter,3,we may discontinue or change the service or its availability to you at any time and you may stop using the service at any time.
Betterpoints_UK.xml,ch,2,we may discontinue or change the service or its availability to you at any time and you may stop using the service at any time.
Betterpoints_UK.xml,ltd,2,these are provided for your convenience and we are not responsible for and do not give any warranties or make any representations regarding any external links and are not responsible for or liable in relation to the content or your use of any external links.
Betterpoints_UK.xml,ltd,2,we are not responsible for and do not give any warranties or make any representations regarding any causes that are introduced and do not give any warranties and are not responsible for or liable in relation to involvement in these causes or any outcome from any involvement.
Betterpoints_UK.xml,ltd,2,"betterpoints.uk is also not responsible or liable for any reputational and goodwill damage or loss to you through being associated with betterpoints.uk by being a member, partner, merchant or any other involvement with betterpoints.uk within the area of causes."
Betterpoints_UK.xml,ltd,2,"betterpoints.uk  is also not responsible or liable for any reputational and goodwill damage or loss to you through being associated with betterpoints.uk by being a member, partner, merchant or any other involvement with betterpoints.uk within the area of transfer of funds."
Betterpoints_UK.xml,ltd,2,"we expressly exclude, to the fullest extent permitted by law, all liability of betterpoints.uk, its directors, employees or other representatives, howsoever arising, for any loss suffered as a result of your use of this website or involvement in any way with betterpoints.uk."
Betterpoints_UK.xml,ch,2,"we may modify this agreement from time to time. notification of changes in this agreement will be posted on the service or sent via electronic mail, as we may determine in our sole discretion."
Betterpoints_UK.xml,use,2,"your continued use of the service now, or following the posting of notice of any changes in this agreement, will constitute a binding acceptance by you of this agreement, or any subsequent modifications."
Betterpoints_UK.xml,law,2,this policy and consent forms part of our website terms of use and as such it shall be governed by and construed in accordance with the laws of england and wales.
Betterpoints_UK.xml,j,3,"you irrevocably agree that the courts of england and wales shall have exclusive jurisdiction to resolve any dispute or claim of whatever nature arising out of or relating to this policy and consent or otherwise to the use of your personal data, and that the laws of england and wales shall govern such dispute or claim."
Airbnb.xml,use,2,"by accessing or using the airbnb platform, you agree to comply with and be bound by these terms of service."
Airbnb.xml,a,2,"by accepting these terms of service, you agree to be bound by this arbitration clause and class action waiver."
Airbnb.xml,ltd,2,"airbnb is not responsible or liable for the availability or accuracy of such third-party services, or the content, products, or services available from such third-party services."
Airbnb.xml,ch,2,"airbnb may improve, enhance and modify the airbnb platform and introduce new airbnb services from time to time."
Airbnb.xml,ch,2,airbnb reserves the right to modify these terms at any time in accordance with this provision.
Airbnb.xml,use,2,"if you do not terminate your agreement before the date the revised terms become effective, your continued access to or use of the airbnb platform will constitute acceptance of the revised terms."
Airbnb.xml,cr,2,"airbnb may, without prior notice, remove or disable access to any member content that airbnb finds to be in violation of these terms or airbnb’s then-current policies or standards, or otherwise may be harmful or objectionable to airbnb, its members, third parties, or property."
Airbnb.xml,ch,2,"airbnb reserves the right to change the service fees at any time, and we will provide members adequate notice of any fee changes before they become effective."
Airbnb.xml,ter,3,"without limiting our rights specified below, airbnb may terminate this agreement for convenience at any time by giving you thirty (30) days' notice via email to your registered email address."
Airbnb.xml,ter,2,"airbnb may immediately, without notice terminate this agreement if (i) you have materially breached your obligations under these terms, the payments terms, our policies or standards, (ii) you have violated applicable laws, regulations or third party rights, or (iii) airbnb believes in good faith that such action is reasonably necessary to protect the personal safety or property of airbnb, its members, or third parties (for example in the case of fraudulent behavior of a member)."
Airbnb.xml,ter,2,"in addition, airbnb may take any of the following measures (i) to comply with applicable law, or the order or request of a court, law enforcement or other administrative agency or governmental body, or if (ii) you have breached these terms, the payments terms, our policies or standards, applicable laws, regulations, or third party rights, (iii) you have provided inaccurate, fraudulent, outdated or incomplete information during the airbnb account registration, listing process or thereafter, (iv) you and/or your listings or host services at any time fail to meet any applicable quality or eligibility criteria, (v) you have repeatedly received poor ratings or reviews or airbnb otherwise becomes aware of or has received complaints about your performance or conduct, (vi) you have repeatedly cancelled confirmed bookings or failed to respond to booking requests without a valid reason, or (vii) airbnb believes in good faith that such action is reasonably necessary to protect the personal safety or property of airbnb, its members, or third parties, or to prevent fraud or other illegal activity:

refuse to surface, delete or delay any listings, ratings, reviews, or other member content;
cancel any pending or confirmed bookings;
limit your access to or use of the airbnb platform;
temporarily or permanently revoke any special status associated with your airbnb account; or
temporarily or in case of severe or repeated offenses permanently suspend your airbnb account."
Airbnb.xml,cr,2,"in addition, airbnb may take any of the following measures (i) to comply with applicable law, or the order or request of a court, law enforcement or other administrative agency or governmental body, or if (ii) you have breached these terms, the payments terms, our policies or standards, applicable laws, regulations, or third party rights, (iii) you have provided inaccurate, fraudulent, outdated or incomplete information during the airbnb account registration, listing process or thereafter, (iv) you and/or your listings or host services at any time fail to meet any applicable quality or eligibility criteria, (v) you have repeatedly received poor ratings or reviews or airbnb otherwise becomes aware of or has received complaints about your performance or conduct, (vi) you have repeatedly cancelled confirmed bookings or failed to respond to booking requests without a valid reason, or (vii) airbnb believes in good faith that such action is reasonably necessary to protect the personal safety or property of airbnb, its members, or third parties, or to prevent fraud or other illegal activity:

refuse to surface, delete or delay any listings, ratings, reviews, or other member content;
cancel any pending or confirmed bookings;
limit your access to or use of the airbnb platform;
temporarily or permanently revoke any special status associated with your airbnb account; or
temporarily or in case of severe or repeated offenses permanently suspend your airbnb account."
Airbnb.xml,ltd,3,"neither airbnb nor any other party involved in creating, producing, or delivering the airbnb platform or collective content will be liable for any incidental, special, exemplary or consequential damages, including lost profits, loss of data or loss of goodwill, service interruption, computer damage or system failure or the cost of substitute products or services, or for any damages for personal or bodily injury or emotional distress arising out of or in connection with (i) these terms, (ii) from the use of or inability to use the airbnb platform or collective content, (iii) from any communications, interactions or meetings with other members or other persons with whom you communicate, interact or meet with as a result of your use of the airbnb platform, or (iv) from your publishing or booking of a listing, including the provision or use of a listing’s host services, whether based on warranty, contract, tort (including negligence), product liability or any other legal theory, and whether or not airbnb has been informed of the possibility of such damage, even if a limited remedy set forth herein is found to have failed of its essential purpose."
Airbnb.xml,ltd,2,"except for our obligations to pay amounts to applicable hosts pursuant to these terms or an approved payment request under the airbnb host guarantee, in no event will airbnb’s aggregate liability arising out of or in connection with these terms and your use of the airbnb platform including, but not limited to, from your publishing or booking of any listings via the airbnb platform, or from the use of or inability to use the airbnb platform or collective content and in connection with any accommodation, experiences, event or other host service, or interactions with any other members, exceed the amounts you have paid or owe for bookings via the airbnb platform as a guest in the twelve (12) month period prior to the event giving rise to the liability, or if you are a host, the amounts paid by airbnb to you in the twelve (12) month period prior to the event giving rise to the liability, or one hundred u.s. dollars (us$100), if no such payments have been made, as applicable."
Airbnb.xml,ltd,1,"if you reside in the eu, airbnb is liable under statutory provisions for intent and gross negligence by us, our legal representatives, directors, or other vicarious agents."
Airbnb.xml,ltd,1,"airbnb is liable for any negligent breaches of essential contractual obligations by us, our legal representatives, directors, or other vicarious agents."
Airbnb.xml,a,2,"you and airbnb mutually agree that any dispute, claim or controversy arising out of or relating to these terms or the breach, termination, enforcement or interpretation thereof, or to the use of the airbnb platform, the host services, or the collective content (collectively, “disputes”) will be settled by binding arbitration (the “arbitration agreement”)."
Airbnb.xml,law,2,"if you reside in the united states, these terms will be interpreted in accordance with the laws of the state of california and the united states of america, without regard to conflict-of-law provisions."
Airbnb.xml,j,3,"judicial proceedings (other than small claims actions) that are excluded from the arbitration agreement in section 19 must be brought in state or federal court in san francisco, california, unless we both agree to some other location."
Airbnb.xml,j,3,"you and we both consent to venue and personal jurisdiction in san francisco, california."
Airbnb.xml,law,2,if you reside in china these terms will be interpreted in accordance with the laws of china (“china laws”).
Airbnb.xml,a,2,"any dispute arising from or in connection with this agreement shall be submitted to the china international economic and trade arbitration commission (cietac) for arbitration in beijing which shall be conducted in accordance with cietac’s arbitration rules in effect at the time of applying for arbitration, provided that this section shall not be construed to limit any rights which airbnb may have to apply to any court of competent jurisdiction for an order requiring you to perform or be prohibited from performing certain acts and other provisional relief permitted under china laws or any other laws that may apply to you."
Airbnb.xml,law,2,"if you reside outside of the united states and china, these terms will be interpreted in accordance with irish law."
Airbnb.xml,j,3,"if you are acting as a consumer, you agree to submit to the non-exclusive jurisdiction of the irish courts."
Airbnb.xml,j,1,judicial proceedings that you are able to bring against us arising from or in connection with these terms may only be brought in a court located in ireland or a court with jurisdiction in your place of residence.
Airbnb.xml,j,1,"if airbnb wishes to enforce any of its rights against you as a consumer, we may do so only in the courts of the jurisdiction in which you are a resident."
musically.xml,use,2,"by installing or otherwise accessing or using the service, you agree that you have read, understood, and agree to be bound by this eula."
musically.xml,a,2,disputes arising hereunder will be resolved by binding arbitration.
musically.xml,ch,2,"you understand and agree that the company may change this eula at any time without prior notice; provided that the company will endeavor to provide you with prior notice of any material changes that may apply to you, including through the posting of a revised eula that you may be required to accept in order to continue using the service."
musically.xml,use,2,any use of the service after such date will constitute your acceptance of such revised eula.
musically.xml,cr,2,"we reserve the right to disallow, cancel, remove, or reassign certain usernames and permalinks in appropriate circumstances, as determined by us in our sole discretion, and may, with or without prior notice, suspend or terminate your account if activities occur on your account which, in our sole discretion, would or might constitute a violation of this eula, cause damage to or impair the service, infringe or violate any third party rights, or violate any applicable laws or regulations."
musically.xml,ter,3,"we reserve the right to disallow, cancel, remove, or reassign certain usernames and permalinks in appropriate circumstances, as determined by us in our sole discretion, and may, with or without prior notice, suspend or terminate your account if activities occur on your account which, in our sole discretion, would or might constitute a violation of this eula, cause damage to or impair the service, infringe or violate any third party rights, or violate any applicable laws or regulations."
musically.xml,cr,3,"the company does not pre-screen any user content, but reserves the right to remove, disallow, block or delete any user content in its sole discretion."
musically.xml,cr,2,"in addition, we have the right – but not the obligation – in our sole discretion to remove, disallow, block or delete any user content (i) that we consider to violate this eula, applicable law or otherwise constitute objectionable content (defined in section 5.i below); or (ii) in response to complaints from other users or licensors of any company content, with or without notice and without any liability to you."
musically.xml,ltd,2,"the company does not guarantee the accuracy, integrity, appropriateness or quality of any user content, and under no circumstances will the company be liable in any way for any user content."
musically.xml,ter,2,"the company may terminate, suspend, warn or take other appropriate actions against users for posting objectionable content to the service, including, but not limited to, the removal of all user content uploaded to the service by a user."
musically.xml,cr,2,"the company may terminate, suspend, warn or take other appropriate actions against users for posting objectionable content to the service, including, but not limited to, the removal of all user content uploaded to the service by a user."
musically.xml,ltd,2,"for the avoidance of doubt, the company will not be liable for any unauthorized use of user content by any user."
musically.xml,ch,2,"the company may modify, revalue, or make gifts more or less common, valuable, effective, or functional."
musically.xml,ltd,2,"likewise, except as set forth in this section or as required by applicable law, the company is not responsible for repairing or replacing your gifts, or providing you with any credit or refund or any other sum, in the event of: (i) the company’s change, suspension or termination of any gifts; or (ii) for loss or damage due to service error, or any other reason."
musically.xml,ter,2,the company reserves the right to terminate gifts for cause immediately at its sole discretion without advance notice or liability.
musically.xml,ltd,2,the company reserves the right to terminate gifts for cause immediately at its sole discretion without advance notice or liability.
musically.xml,cr,2,"the company’s intellectual property policy is to (i) remove or disable access to material that the company believes in good faith, upon notice from an intellectual property owner or his or her agent, is infringing the intellectual property of a third party by being made available through the service; and (ii) remove any user content uploaded to the service by “repeat infringers.”"
musically.xml,ter,2,"the company has discretion, however, to terminate the account of any user after receipt of a single notification of claimed infringement or upon the company’s own determination."
musically.xml,ter,2,accounts of users may be terminated immediately in the event of any unauthorized posting of pre-release sr samples.
musically.xml,a,2,"the company (and its respective corporate parents, subsidiaries, affiliates, predecessors in interest, successors, permitted assigns), you and any other parties on whose behalf you are accessing the service agree to arbitration (except for matters that may be taken to small claims court), as the exclusive form of dispute resolution except as provided for below, for all disputes and claims arising out of or relating to this eula or the service."
musically.xml,ltd,2,"the company parties will not be subject to liability for the truth, accuracy or completeness of any content on the service or any other information conveyed to any user, or for errors, mistakes or omissions therein, or for any delays or interruptions of the data, or information stream from whatever cause."
musically.xml,ltd,2,"in no event will any company party be liable for any special, indirect, punitive, incidental or consequential damages, lost profits, or damages resulting from lost data or business interruption resulting from, or in connection with, the use or inability to use the service and any content thereon, whether based on warranty, contract, tort (including negligence), or any other legal theory, even if such company party has been advised of the possibility of such damages. the company’s liability, and the liability of any other company parties, to you or any third parties in any circumstance is limited to the greater of the fees you have paid us for any gifts and u.s. $100."
musically.xml,ter,2,"the company reserves the right, in its sole discretion, to restrict, suspend, or terminate this eula and your access to all or any part of the service at any time without prior notice or liability if you breach any provision of this eula or violate the rights of any third party copyright owner of musical works or sound recordings."
musically.xml,ltd,2,"the company reserves the right, in its sole discretion, to restrict, suspend, or terminate this eula and your access to all or any part of the service at any time without prior notice or liability if you breach any provision of this eula or violate the rights of any third party copyright owner of musical works or sound recordings."
musically.xml,ter,3,the company may further terminate this eula for any other reason upon ten (10) days’ notice to you using the email address associated with your account credentials.
musically.xml,ter,3,"the company reserves the right to change, suspend, or discontinue all or any part of the service at any time without prior notice or liability."
musically.xml,ch,2,"the company reserves the right to change, suspend, or discontinue all or any part of the service at any time without prior notice or liability."
musically.xml,ltd,2,"the company reserves the right to change, suspend, or discontinue all or any part of the service at any time without prior notice or liability."
musically.xml,law,2,this eula is governed by the internal substantive laws of the state of california without respect to its conflict of laws provisions.
musically.xml,j,3,"you expressly agree to submit to the exclusive personal jurisdiction of the state and federal courts sitting in san francisco county, california."
Microsoft.xml,use,2,"you accept these terms by creating a microsoft account or skype account, through your use of the services, or by continuing to use the services after being notified of a change to these terms."
Microsoft.xml,use,2,"by using the services or agreeing to these terms, you consent to microsoft’s collection, use and disclosure of your content and data as described in the privacy statement."
Microsoft.xml,ter,2,"if you violate these terms, we may stop providing services to you or we may close your microsoft account or skype account."
Microsoft.xml,cr,3,we may also block delivery of a communication (like email or instant message) to or from the services in an effort to enforce these terms or we may remove or refuse to publish your content for any reason.
Microsoft.xml,ter,2,"if we reasonably suspect that your microsoft account or skype account is being used by a third party fraudulently (for example, as a result of an account compromise), microsoft may suspend your account until you can reclaim ownership."
Microsoft.xml,cr,2,"based on the nature of the compromise, we may be required to disable access to some or all of your content."
Microsoft.xml,ltd,2,microsoft is not liable for any disruption or loss you may suffer as a result.
Microsoft.xml,ch,2,"we may change these terms at any time, and we’ll tell you when we do."
Microsoft.xml,use,2,using the services after the changes become effective means you agree to the new terms.
Microsoft.xml,ch,2,"additionally, there may be times when we need to remove or change features or functionality of the service or stop providing a service or access to third-party apps and services altogether."
Microsoft.xml,ch,2,"we may change the price of the services at any time and if you have a recurring purchase, we will notify you by email at least 15 days before the price change."
Microsoft.xml,law,1,"if you live in (or, if a business, your principal place of business is in) the united states,the laws of the state where you live govern all claims, regardless of conflict of laws principles, except that the federal arbitration act governs all provisions relating to arbitration."
Microsoft.xml,j,3,"you and we irrevocably consent to the exclusive jurisdiction and venue of the state or federal courts in king county, washington, for all disputes arising out of or relating to these terms or the services that are heard in court (excluding arbitration and small claims court)."
Microsoft.xml,ltd,2,"limitation of liability. if you have any basis for recovering damages (including breach of these terms), you agree that your exclusive remedy is to recover, from microsoft or any affiliates, resellers, distributors, third-party apps and services providers, and vendors, direct damages up to an amount equal to your services fee for the month during which the breach occurred (or up to $10.00 if the services are free)."
Microsoft.xml,ltd,2,"you can't recover any other damages or losses, including direct, consequential, lost profits, special, indirect, incidental, or punitive."
Microsoft.xml,ltd,2,these limitations and exclusions apply even if this remedy doesn't fully compensate you for any losses or fails of its essential purpose or if we knew or should have known about the possibility of the damages.
Microsoft.xml,ltd,2,"to the maximum extent permitted by law, these limitations and exclusions apply to anything or any claims related to these terms, the services, or the software related to the services."
Microsoft.xml,cr,3,"microsoft may at any time regulate, control, modify and/or eliminate the game currency and/or virtual goods as it sees fit in its sole discretion."
Microsoft.xml,use,2,"by using those features, you agree to these terms and the google maps terms available at http://www.google.com/intl/en_all/help/terms_maps.html."
Microsoft.xml,ch,2,skype may change its calling rates at any time without notice to you by posting such change at www.skype.com/go/allrates.
Microsoft.xml,ter,2,your program account will be cancelled if you do not log in at least once in a 180-day period.
Microsoft.xml,ter,3,"additionally, microsoft reserves the right to cancel the program account of a specific user without cause and without providing a reason."
Microsoft.xml,ter,2,"microsoft reserves the right to disqualify you; disable your access to the program or your rewards account; and/or withhold points, rewards and charitable contributions, if microsoft believes you are tampering with or abusing any aspect of the program or may be engaging in activities that violate these terms."
Microsoft.xml,ltd,2,microsoft is not responsible if a cortana communication management feature delays or prevents you from reviewing or sending a communication.
Microsoft.xml,cr,3,"microsoft or the owners of the digital goods may, from time to time, remove digital goods from the services without notice."
Microsoft.xml,cr,2,"if you have more content stored in your onedrive account than is provided to you under the terms of your free or paid subscription service for onedrive and you do not respond to notice from microsoft to fix your account by removing excess content or moving to a new subscription plan with more storage, we reserve the right to close your account and delete or disable access to your content on onedrive."
Microsoft.xml,ter,2,"if you have more content stored in your onedrive account than is provided to you under the terms of your free or paid subscription service for onedrive and you do not respond to notice from microsoft to fix your account by removing excess content or moving to a new subscription plan with more storage, we reserve the right to close your account and delete or disable access to your content on onedrive."
Microsoft.xml,cr,2,"if we can’t, you and we agree to binding individual arbitration before the american arbitration association (""aaa"") under the federal arbitration act (""faa""), and not to sue in court in front of a judge or jury."
Microsoft.xml,a,2,"if we can’t, you and we agree to binding individual arbitration before the american arbitration association (""aaa"") under the federal arbitration act (""faa""), and not to sue in court in front of a judge or jury."
Microsoft.xml,cr,2,"in appropriate circumstances, microsoft may also disable or terminate accounts of users of microsoft services who may be repeat infringers."
Microsoft.xml,ter,2,"in appropriate circumstances, microsoft may also disable or terminate accounts of users of microsoft services who may be repeat infringers."
Microsoft.xml,cr,2,"by downloading or using the application, or attempting to do any of these, you accept these terms."
Microsoft.xml,use,2,"by downloading or using the application, or attempting to do any of these, you accept these terms."
Microsoft.xml,cr,2,microsoft reserves the right to modify our usage rules at any time.
Microsoft.xml,ch,2,microsoft reserves the right to modify our usage rules at any time.
Microsoft.xml,cr,2,"if you acquired the application in the united states or canada, the laws of the state or province where you live (or, if a business, where your principal place of business is located) govern the interpretation of these terms, claims for breach of them, and all other claims (including consumer protection, unfair competition, and tort claims), regardless of conflict of laws principles."
Microsoft.xml,law,1,"if you acquired the application in the united states or canada, the laws of the state or province where you live (or, if a business, where your principal place of business is located) govern the interpretation of these terms, claims for breach of them, and all other claims (including consumer protection, unfair competition, and tort claims), regardless of conflict of laws principles."
Microsoft.xml,cr,2,"if you acquired the application in any other country, the laws of that country apply."
Microsoft.xml,law,1,"if you acquired the application in any other country, the laws of that country apply."
Microsoft.xml,cr,2,"9. LEGAL EFFECT. This agreement describes certain legal rights. You may have other rights under the laws of your state or country. This agreement doesn’t change your rights under the laws of your state or country if the laws of your state or country don’t permit it to do so.
 		10. DISCLAIMER OF WARRANTY. The application is licensed ""as is,"" ""with all faults,"" and ""as available."" You bear the entire risk as to its quality, safety, comfort, and performance. Should it prove defective, you assume the entire cost of all necessary servicing or repair. The application publisher, on behalf of itself, Microsoft, wireless carriers over whose network the application is provided, and each of our respective affiliates, vendors, agents, and suppliers (""Covered Parties""), gives no express warranties, guarantees, or conditions in relation to the application. You may have additional consumer rights under your local laws that this agreement can't change. To the extent permitted under your local laws, Covered Parties exclude any implied warranties or conditions, including those of merchantability, fitness for a particular purpose, safety, comfort, and non-infringement. If your local laws impose a warranty, guarantee or condition even though these terms do not, its duration is limited to 90 days from when you download the application.
 		11. LIMITATION ON AND EXCLUSION OF REMEDIES AND DAMAGES. To the extent not prohibited by law, if you have any basis for recovering damages, you can recover from the application publisher only direct damages up to the amount you paid for the application or $1.00, whichever is greater. You will not, and waive any right to, seek to recover any other damages, including lost profits and consequential, special, direct, indirect, or incidental damages, from the application publisher.
This limitation applies to:
 		Anything related to the application or services made available through the application; and
 		Claims for breach of contract, warranty, guarantee or condition; strict liability, negligence, or other tort; violation of a statute or regulation; unjust enrichment; or under any other theory; all to the extent permitted by applicable law.
It also applies even if:
 		This remedy doesn’t fully compensate you for any losses; or
 		The application publisher knew or should have known about the possibility of the damages.
Top of page


Covered Services

The following products, apps and services are covered by the Microsoft Services Agreement, but may not be available in your market.
		Account.microsoft.com
		Advertising.microsoft.com
		Arrow Launcher
		Ask Cortana
		Bing
		Bing Apps
		Bing Bots
		Bing Desktop
		Bing Dictionary
		Bing Image Bot
		Bing in the Classroom
		Bing Input
		Bing Maps
		Bing Music Bot
		Bing Navigation
		Bing News Bot
		Bing Reader
		Bing Rewards
		Bing Search app
		Bing Toolbar
		Bing Torque
		Bing Translator
		Bing Webmaster
		Bing Wikipedia Browser
		Bing.com
		Bingplaces.com
		Choice.microsoft.com
		Citizen Next
		Conditional Action Programmer
		Cortana
		Default Homepage and New Tab Page on Microsoft Edge
		Dev Center App
		Device Health App
		Dictate
		Docs.com
		Education.minecraft.net
		Forzamotorsport.net
		Groove
		Groove Music Pass
		GroupMe
		HealthVault
		HealthVault Insights
		Home
		Maps App
		Microsoft account
		Microsoft Add-Ins for Skype
		Microsoft Bots
		Microsoft Family
		Microsoft Health
		Microsoft Movies & TV
		Microsoft Support and Recovery Assistant for Office 365
		Microsoft Translator
		Microsoft Wallpaper
		Microsoft XiaoIce
		MSN Dial Up
		MSN Explorer
		MSN Food & Drink
		MSN Health & Fitness
		MSN Money
		MSN News
		MSN Premium
		MSN Sports
		MSN Travel
		MSN Weather
		MSN.com
		News Pro App and Website
		Next Lock Screen
		Office 365 Consumer
		Office 365 Home
		Office 365 Personal
		Office 365 University
		Office Online
		Office Store
		Office Sway
		Office.com
		OneDrive
		OneDrive.com
		OneNote.com
		Outlook.com
		Paint 3D
		Picturesque Lock Screen
		Pix Lock
		Pocket Skills
		Presentation Translator
		Remix 3D
		Seeing AI
		Send
		Skype
		Skype in the Classroom
		Skype Manager
		Skype Qik
		Skype.com
		Smart Search
		Spreadsheet Keyboard
		Store
		Sway.com
		Todo.microsoft.com
		Tossup
		Translator
		Translator for Microsoft Edge
		Translator Live
		UrWeather
		Video Breakdown
		Windows Live Mail
		Windows Live Writer
		Windows Movie Maker
		Windows Photo Gallery
		Windows Store
		Word Flow
		Xbox and Windows Games, apps and websites published by Microsoft
		Xbox Game Pass
		Xbox Live
		Xbox Live Gold
		Xbox Music
		Xbox Store
		Zo"
Dropbox.xml,use,2,"by using our services, you're agreeing to be bound by these terms, our privacy policy and acceptable use policy."
Dropbox.xml,cr,2,we reserve the right to delete or disable content alleged to be infringing and terminate accounts of repeat infringers.
Dropbox.xml,ter,2,we reserve the right to delete or disable content alleged to be infringing and terminate accounts of repeat infringers.
Dropbox.xml,ter,2,"if you don't pay for your paid account on time, we reserve the right to suspend it or reduce your storage to free space levels."
Dropbox.xml,ch,2,"if you don't pay for your paid account on time, we reserve the right to suspend it or reduce your storage to free space levels."
Dropbox.xml,ch,2,we may change the fees in effect but will give you advance notice of these changes via a message to the email address associated with your account.
Dropbox.xml,ter,2,"we reserve the right to suspend or terminate your access to the services with notice to you if: (a) you're in breach of these terms, (b) you're using the services in a manner that would cause a real risk of harm or loss to us or other users, or (c) you don't have a paid account and haven't accessed our services for 12 consecutive months."
Dropbox.xml,ter,2,"if after such notice you fail to take the steps we ask of you, we'll terminate or suspend your access to the services."
Dropbox.xml,ter,2,"we won't provide notice before termination where: (a) you're in material breach of these terms, (b) doing so would cause us legal liability or compromise our ability to provide the services to our other users, or (c) we're prohibited from doing so by law."
Dropbox.xml,ltd,1,we don't exclude or limit our liability to you where it would be illegal to do so—this includes any liability for dropbox's or its affiliates' fraud or fraudulent misrepresentation in providing the services.
Dropbox.xml,ltd,2,"in countries where the following types of exclusions aren't allowed, we're responsible to you only for losses and damages that are a reasonably foreseeable result of our failure to use reasonable care and skill or our breach of our contract with you."
Dropbox.xml,ltd,1,this paragraph doesn't affect consumer rights that can't be waived or limited by any contract or agreement.
Dropbox.xml,ltd,2,"in countries where exclusions or limitations of liability are allowed, dropbox, its affiliates, suppliers or distributors won't be liable for: i) any indirect, special, incidental, punitive, exemplary or consequential damages, or ii) any loss of use, data, business, or profits, regardless of legal theory."
Dropbox.xml,ltd,2,these exclusions or limitations will apply regardless of whether or not dropbox or any of its affiliates has been warned of the possibility of such damages.
Dropbox.xml,ltd,2,"other than for the types of liability we cannot limit by law (as described in this section), we limit our liability to you to the greater of $20 usd or 100% of any amount you've paid under your current service plan with dropbox."
Dropbox.xml,j,3,"you and dropbox agree that any judicial proceeding to resolve claims relating to these terms or the services will be brought in the federal or state courts of san francisco county, california, subject to the mandatory arbitration provisions below."
Dropbox.xml,j,3,both you and dropbox consent to venue and personal jurisdiction in such courts.
Dropbox.xml,j,1,"if you reside in a country (for example, european union member states) with laws that give consumers the right to bring disputes in their local courts, this paragraph doesn't affect those requirements."
Dropbox.xml,a,2,"you and dropbox agree to resolve any claims relating to these terms or the services through final and binding arbitration by a single arbitrator, except as set forth under exceptions to agreement to arbitrate below."
Dropbox.xml,j,3,"if the agreement to arbitrate is found not to apply to you or your claim, you agree to the exclusive jurisdiction of the state and federal courts in san francisco county, california to resolve your claim."
Dropbox.xml,law,2,these terms will be governed by california law except for its conflicts of laws principles.
Dropbox.xml,law,1,"however, some countries (including those in the european union) have laws that require agreements to be governed by the local laws of the consumer's country."
Dropbox.xml,ch,2,"we may revise these terms from time to time to better reflect: (a) changes to the law, (b) new regulatory requirements, or (c) improvements or enhancements made to our services."
Dropbox.xml,use,2,"by continuing to use or access the services after the updates come into effect, you agree to be bound by the revised terms."
TripAdvisor.xml,use,2,"by accessing or using this website in any manner, you agree to be bound by the agreement and represent that you have read and understood its terms."
TripAdvisor.xml,ch,2,"we may change or otherwise modify the agreement in the future in accordance with the terms and conditions herein, and you understand and agree that your continued access or use of this website after such change signifies your acceptance of the updated or modified agreement."
TripAdvisor.xml,use,2,"we may change or otherwise modify the agreement in the future in accordance with the terms and conditions herein, and you understand and agree that your continued access or use of this website after such change signifies your acceptance of the updated or modified agreement."
TripAdvisor.xml,ter,3,"we retain the right at our sole discretion to deny access to anyone to this website and the services we offer, at any time and for any reason, including, but not limited to, for violation of this agreement."
TripAdvisor.xml,cr,3,tripadvisor nevertheless reserves the right for any reason in its sole discretion to remove without notice any user messages and/or site content.
TripAdvisor.xml,ltd,2,"tripadvisor takes no responsibility and assumes no liability for any content posted, stored or uploaded by you or any third party, or for any loss or damage thereto, nor is tripadvisor liable for any mistakes, defamation, slander, libel, omissions, falsehoods, obscenity, pornography or profanity you may encounter."
TripAdvisor.xml,cr,3,"although tripadvisor has no obligation to screen, edit or monitor any of the content posted to or distributed through any interactive area, tripadvisor reserves the right, and has absolute discretion, to remove, screen, translate or edit without notice any content posted or stored on this website at any time and for any reason, or to have such actions performed by third parties on its behalf, and you are solely responsible for creating backup copies of and replacing any content you post or store on this website at your sole cost and expense."
TripAdvisor.xml,ter,2,"any use of the interactive areas or other portions of this website in violation of the foregoing violates the terms of this agreement and may result in, among other things, termination or suspension of your rights to use the interactive areas and/or this website."
TripAdvisor.xml,ltd,2,"as a user of this website, including instant booking, you understand and agree that: (1) neither tripadvisor nor its affiliates will have any liability to you or others for any unauthorized transactions made using your password or account; and (2) the unauthorized use of your password or account could cause you to incur liability to both tripadvisor and other users."
TripAdvisor.xml,ltd,2,this section limits tripadvisor's liability to you for issues that may arise in connection with your use of this website.
TripAdvisor.xml,ltd,1,nothing in this agreement shall exclue or limit tripadvisor's liability for (i) death or personal infury caused by negligence; (ii) fraud; (iii) fraudulent mistatement (iv) deliberate breach or gross negligence (v) any other liability which cannot be excluded under applicable law.
TripAdvisor.xml,ltd,2,"the tripadvisor media group companies are not liable for the acts, errors, omissions, representations, warranties, breaches or negligence of any such suppliers or for any personal injuries, death, property damage, or other damages or expenses resulting therefrom."
TripAdvisor.xml,ltd,1,"the tripadvisor media group companies have no liability and will make no refund in the event of any delay, cancellation, overbooking, strike, force majeure or other causes beyond their direct control, and they have no responsibility for any additional expense, omissions, delays, re-routing or acts of any government or authority."
TripAdvisor.xml,ltd,2,"subject to the foregoing, you use this website at your own risk and in no event shall the tripadvisor media group companies (or their officers, directors and affiliates) be liable for any direct, indirect, punitive, incidental, special, or consequential lossses or damages or any loss of income, profits, goodwill, data, contracts, use of money, or loss or damages arising from or conntected in any way to business interruption of any type arising out of, or in any way connected with, your access to, display of or use of this website or with the delay or inability to access, display or use this website (including, but not limited to, your reliance upon reviews and opinions appearing on this website; any computer viruses, information, software, linked sites, products, and services obtained through this website; or otherwise arising out of the access to, display of or use of this website) whether based on a theory of negligence, contract, tort, strict liability, or otherwise, and even if tripadvisor has been advised of the possibility of such damages."
TripAdvisor.xml,ltd,2,"if the tripadvisor media group companies are found liable for any loss or damage that arises out of or is in any way connected with your use of our sites or services, then the tripadvisor media group companies' liabilities will in no event exceed, in the aggregate, the greater of (a) the transaction fees paid to tripadvisor for the transaction(s) on this website giving rise to the claim, or (b) one-hundred dollars (us $100.00)."
TripAdvisor.xml,ch,2,"tripadvisor may change, add or delete these terms and conditions or any portion thereof from time to time in its sole discretion where it deems it necessary for legal, general regulatory and technical purposes, or due to changes in the services provided or nature or layout of the website."
TripAdvisor.xml,ch,2,"thereafter, you expressly agree to be bound by any such amended terms and conditions."
TripAdvisor.xml,ter,3,"tripadvisor may change, suspend or discontinue any aspect of the tripadvisor service at any time, including availability of any feature, database or content."
TripAdvisor.xml,cr,3,"tripadvisor may change, suspend or discontinue any aspect of the tripadvisor service at any time, including availability of any feature, database or content."
TripAdvisor.xml,ter,2,"tripadvisor may also impose limits on certain features and services or restrict your access to all or parts of the website or any other tripadvisor web site without notice or liability for technical or security reasons, to prevent against unauthorised access, loss of, or destruction of data or where we consider in our sole discretion that you are in breach of any provision of these terms and conditions or of any law or regulation and where it decides to discontinue providing a service."
TripAdvisor.xml,ltd,2,"tripadvisor may also impose limits on certain features and services or restrict your access to all or parts of the website or any other tripadvisor web site without notice or liability for technical or security reasons, to prevent against unauthorised access, loss of, or destruction of data or where we consider in our sole discretion that you are in breach of any provision of these terms and conditions or of any law or regulation and where it decides to discontinue providing a service."
TripAdvisor.xml,use,2,"your continued use of tripadvisor now, or following the posting of any such notice of any changes, will indicate acceptance by you of such modifications."
TripAdvisor.xml,law,2,"this website is operated by a u.s. entity and this agreement is governed by the laws of the commonwealth of massachusetts, usa."
TripAdvisor.xml,j,3,"you hereby consent to the exclusive jurisdiction and venue of courts in massachusetts, usa and stipulate to the fairness and convenience of proceedings in such courts for all disputes arising out of or relating to the use of this website."
TripAdvisor.xml,j,3,you agree that all claims you may have against tripadvisor arising from or relating to this website must be heard and resolved in a court of competent subject matter jurisdiction located in the commonwealth of massachusetts.
Crowdtangle.xml,use,2,"in order to access and use our services, you agree to these terms of service, which incorporate by reference the crowdtangle privacy policy."
Crowdtangle.xml,ch,2,"crowdtangle may, in its sole discretion, update or otherwise change the terms of service from time to time."
Crowdtangle.xml,use,2,your continued use of the services after any such change constitutes your acceptance of the new terms of service.
Crowdtangle.xml,ter,3,crowdtangle may terminate the license granted per these terms of service at any time at its discretion.
Crowdtangle.xml,ter,3,"crowdtangle, in its sole discretion, has the right to suspend, terminate or restrict your access to the services, or any other crowdtangle service, for any reason and at any time."
Crowdtangle.xml,cr,3,"such termination of the services will result in the deactivation or deletion of your account or your access to your account, and the deletion of all content on your account."
Crowdtangle.xml,ltd,2,"to the maximum extent permitted by applicable law, in no event shall crowdtangle, facebook, its affiliates, agents, directors, employees, suppliers or licensors (“crowdtangle parties”) be liable for any indirect, punitive, incidental, special, consequential or exemplary damages, including without limitation damages for loss of profits, goodwill, use, data or other intangible losses, arising out of or relating to the use of, or inability to use, these services. under no circumstances will crowdtangle parties be responsible for any damage, loss or injury resulting from hacking, tampering or other unauthorized access or use of the service or your account or the information contained therein."
Crowdtangle.xml,ltd,3,"with the exception of any acts or omissions of willful misconduct, any indemnification obligations hereunder, and any claim of breach of the confidentiality obligations set forth herein, to the maximum extent permitted by applicable law, crowdtangle parties disclaims all liability, whether based on warranty, contract, tort (including but not limited to negligence, gross negligence or willful misconduct), product liability, strict liability, statutory liability, breach of a fundamental term, fundamental breach, or any other legal theory, for any loss or damages of any kind (including, without limitation any (i) direct, indirect, special, consequential, exemplary or punitive loss or damage, (ii) lost profits or savings, (iii) business interruption, (iv) loss of programs or data (including any content), (v) lost revenue or failure to realize expected savings, (vi) loss of use, (vii) personal injury, (viii) fines, fees, penalties, or (vi) any other losses or damages whether or not crowdtangle is advised of the possibility of such damages, resulting from the use of, or the inability to make use of, the services."
Crowdtangle.xml,ltd,2,"in those cases, crowdtangle will not be held liable for any disruption of service."
Crowdtangle.xml,ch,2,"crowdtangle may change these terms of service, as described above, notwithstanding any provision to the contrary in any agreement between you and crowdtangle."
Crowdtangle.xml,j,3,"you will resolve any claim, cause of action or dispute you have with us arising out of or relating to these terms of service or crowdtangle exclusively in the u.s. district court for the northern district of california or a state court located in san mateo county, and you agree to submit to the personal jurisdiction of such courts for the purpose of litigating all such claims."
Crowdtangle.xml,law,2,"the laws of the state of california will govern these terms of service, as well as any claim that might arise between you and us, without regard to conflict of law provisions."
Netflix.xml,ter,2,we reserve the right to revoke the free trial and put your account on hold in the event that we determine that you are not eligible.
Netflix.xml,ch,2,"we may change our service plans and the price of our service from time to time; however, any price changes or changes to our service plans will apply to you no earlier than 30 days following notice to you."
Netflix.xml,ch,2,"netflix regularly makes changes to the service, including the content library."
Netflix.xml,ter,2,we may terminate or restrict your use of our service if you violate these terms of use or are engaged in illegal or fraudulent use of the service.
Netflix.xml,law,2,these terms of use shall be governed by and construed in accordance with the laws of the netherlands.
Netflix.xml,ch,2,"netflix may, from time to time, change these terms of use."
PokemonGo.xml,use,2,"by using our services, you are agreeing to these terms, our trainer guidelines, and our privacy policy."
PokemonGo.xml,ch,2,we may modify these terms at any time.
PokemonGo.xml,ch,2,"if we do so, we’ll let you know either by posting the modified terms on the site or app or through other communications."
PokemonGo.xml,use,2,"it’s important that you review the terms whenever we modify them, because if you continue to use the services after we have posted modified terms on the site or app, or otherwise communicate them to you, you are indicating to us that you agree to be bound by the modified terms."
PokemonGo.xml,ter,3,"because our services evolve over time, we may change or discontinue all or any part of the services at any time and without notice."
PokemonGo.xml,a,2,"arbitration notice: except if you opt out and except for certain types of disputes described in the “agreement to arbitrate” section below, you agree that disputes between you and niantic will be resolved by binding, individual arbitration, and you are waiving your right to a trial by jury or to participate as a plaintiff or class member in any purported class action or representative proceeding."
PokemonGo.xml,ter,2,"if you don’t, we might have to suspend or terminate your account."
PokemonGo.xml,ltd,3,"the pokémon company (“tpc”), and tpci disclaim all liability related to any property damage, personal injury, or death that may occur during your use of our services, including any claims based on the violation of any applicable law, rule, or regulation or your alleged negligence or other tort liability."
PokemonGo.xml,cr,2,"niantic may reject any submissions in which niantic believes, in its sole discretion, that the user content is inappropriate or violates the trainer guidelines or these terms."
PokemonGo.xml,cr,3,niantic further reserves the right to remove any user content from the services at any time and without notice and for any reason.
PokemonGo.xml,ter,2,"any such sale, transfer, or exchange (or attempt to do so) is prohibited and may result in the termination of your account."
PokemonGo.xml,ter,2,"any such sale, transfer, or exchange (or attempt to do so) is prohibited and may result in the termination of your account."
PokemonGo.xml,ch,2,pricing and availability of virtual money and virtual goods are subject to change without notice.
PokemonGo.xml,ch,2,we reserve the right at any time to change and update our pricing and inventory of virtual money and virtual goods.
PokemonGo.xml,ch,2,"we reserve the right to control, regulate, change, or remove any virtual money or virtual goods without any liability to you."
PokemonGo.xml,cr,2,"we reserve the right to control, regulate, change, or remove any virtual money or virtual goods without any liability to you."
PokemonGo.xml,ter,3,"we may cancel, suspend, or terminate your account and your access to your trading items, virtual money, virtual goods, the content, or the services, in our sole discretion and without prior notice, including if (a) your account is inactive (i.e., not used or logged into) for one year; (b) you fail to comply with these terms; (c ) we suspect fraud or misuse by you of trading items, virtual money, virtual goods, or other content; (d) we suspect any other unlawful activity associated with your account; or (e) we are acting to protect the services, our systems, the app, any of our users, or the reputation of niantic, tpc, or tpci."
PokemonGo.xml,cr,3,"we may cancel, suspend, or terminate your account and your access to your trading items, virtual money, virtual goods, the content, or the services, in our sole discretion and without prior notice, including if (a) your account is inactive (i.e., not used or logged into) for one year; (b) you fail to comply with these terms; (c ) we suspect fraud or misuse by you of trading items, virtual money, virtual goods, or other content; (d) we suspect any other unlawful activity associated with your account; or (e) we are acting to protect the services, our systems, the app, any of our users, or the reputation of niantic, tpc, or tpci."
PokemonGo.xml,ltd,2,"we have no obligation or responsibility to, and will not reimburse or refund, you for any trading items, virtual money, or virtual goods lost due to such cancellation, suspension, or termination."
PokemonGo.xml,ltd,2,"you acknowledge that niantic is not required to provide a refund for any reason, and that you will not receive money or other compensation for unused virtual money and virtual goods when your account is closed, whether such closure was voluntary or involuntary."
PokemonGo.xml,ch,2,"we have the right to offer, modify, eliminate, and/or terminate trading items, virtual money, virtual goods, the content, and/or the services, or any portion thereof, at any time, without notice or liability to you."
PokemonGo.xml,cr,2,"we have the right to offer, modify, eliminate, and/or terminate trading items, virtual money, virtual goods, the content, and/or the services, or any portion thereof, at any time, without notice or liability to you."
PokemonGo.xml,ltd,2,"we have the right to offer, modify, eliminate, and/or terminate trading items, virtual money, virtual goods, the content, and/or the services, or any portion thereof, at any time, without notice or liability to you."
PokemonGo.xml,cr,2,"we reserve the right, but are not obligated, to remove or disable access to any content, at any time and without notice, including but not limited to, if we, at our sole discretion, consider any content to be objectionable or in violation of these terms."
PokemonGo.xml,ter,2,it is niantic’s policy to terminate in appropriate circumstances account holders who repeatedly infringe or are believed to be repeatedly infringing the rights of copyright holders.
PokemonGo.xml,ter,3,"we may terminate your access to and use of the services, at our sole discretion, at any time and without notice to you."
PokemonGo.xml,ltd,2,"to the extent permitted by applicable law, neither niantic nor tpc or tpci or any other party involved in creating, producing, or delivering the services or content will be liable to you for any indirect, incidental, special, punitive, exemplary, or consequential damages, including lost profits, loss of data, or goodwill, service interruption, computer damage, or system failure or the cost of substitute services, arising out of or in connection with these terms, or from the use of or inability to use the services or content, or from any communications, interactions, or meetings with other users of the services or persons with whom you communicate or interact as a result of your use of the services, whether based on warranty, contract, tort (including negligence), product liability, or any other legal theory, and whether or not niantic, tpc, or tpci have been advised of the possibility of such damages, even if a limited remedy set forth herein is found to have failed of its essential purpose."
PokemonGo.xml,ltd,2,"in no event will the total liability of niantic, tpc, or tpci arising out of or in connection with these terms or from the use of or inability to use the services or content exceed one thousand dollars ($1,000)."
PokemonGo.xml,law,2,these terms and any action related thereto will be governed by the laws of the state of california without regard to its conflict of laws provisions.
PokemonGo.xml,a,2,"you and niantic agree that any dispute, claim, or controversy arising out of or relating to these terms or the breach, termination, enforcement, interpretation, or validity thereof or the use of the services or content (collectively, “disputes”) will be settled by binding arbitration, except that each party retains the right: (a) to bring an individual action in small claims court and (b) to seek injunctive or other equitable relief in a court of competent jurisdiction to prevent the actual or threatened infringement, misappropriation, or violation of a party’s copyrights, trademarks, trade secrets, patents, or other intellectual property rights (the action described in this clause (b), an “ip protection action”)."
PokemonGo.xml,j,3,"the exclusive jurisdiction and venue of any ip protection action or, if you timely provide niantic with an arbitration opt-out notice, will be the state and federal courts located in the northern district of california, and each of the parties hereto waives any objection to jurisdiction and venue in such courts."
PokemonGo.xml,law,2,these terms and any action related thereto will be governed by the laws of the state of california without regard to its conflict of laws provisions.
Snap.xml,use,2,"by using the services, you agree to the terms."
Snap.xml,cr,3,"while we’re not required to do so, we may access, review, screen, and delete your content at any time and for any reason, including if we think your content violates these terms."
Snap.xml,use,2,"we encourage you to give the privacy policy a careful look because, by using our services, you agree that your information may be collected and processed by snap group limited in the uk and snap inc."
Snap.xml,ter,2,"and if snap group limited becomes aware that one of its users has repeatedly infringed copyrights, we will take reasonable steps within our power to terminate the user’s account."
Snap.xml,cr,2,"your content in memories might become unavailable for any number of reasons, including things like an operational glitch or a decision on our end to terminate your account."
Snap.xml,ter,2,"your content in memories might become unavailable for any number of reasons, including things like an operational glitch or a decision on our end to terminate your account."
Snap.xml,ch,2,"we reserve the right to set storage limits for memories, and we may change these limits from time to time in our sole discretion."
Snap.xml,ch,2,"that means we may add or remove features, products, or functionalities, and we may also suspend or stop the services altogether."
Snap.xml,ter,2,"that means we may add or remove features, products, or functionalities, and we may also suspend or stop the services altogether."
Snap.xml,ch,2,"we may take any of these actions at any time, and when we do, we will try to notify you beforehand, but this won’t always be possible."
Snap.xml,ch,2,"we may take any of these actions at any time, and when we do, we will try to notify you beforehand, but this won’t always be possible."
Snap.xml,ch,2,"snap group limited may also terminate these terms with you at any time, for any reason."
Snap.xml,ter,3,"snap group limited may also terminate these terms with you at any time, for any reason."
Snap.xml,ch,2,"our right to terminate these terms means that we may stop providing you with any services, or impose new or additional limits on your ability to use the services."
Snap.xml,ter,3,"our right to terminate these terms means that we may stop providing you with any services, or impose new or additional limits on your ability to use the services."
Snap.xml,ch,2,"for example, we may deactivate your account due to prolonged inactivity, and we may reclaim your username at any time for any reason."
Snap.xml,ter,2,"for example, we may deactivate your account due to prolonged inactivity, and we may reclaim your username at any time for any reason."
Snap.xml,ch,2,"snap group limited, snap inc., and their affiliates take no responsibility and assume no liability for any content that you, another user, or a third party creates, uploads, posts, sends, receives, or stores on or through our services."
Snap.xml,ltd,2,"snap group limited, snap inc., and their affiliates take no responsibility and assume no liability for any content that you, another user, or a third party creates, uploads, posts, sends, receives, or stores on or through our services."
Snap.xml,ch,2,"when permitted by law, snap group limited, snap inc., and our affiliates, directors, officers, stockholders, employees, licensors, and agents, will not be liable for any indirect, incidental, special, consequential, punitive, or multiple damages, or any loss of profits or revenues, whether incurred directly or indirectly, or any loss of data, use, goodwill, or other intangible losses, resulting from: (a) your use of the services or inability to use the services; (b) your access to or inability to access the services; (c) the conduct or content of other users or third parties on or through the services; or (d) unauthorized access, use, or alteration of your content, even if snap group limited has been advised of the possibility of such damages."
Snap.xml,ltd,2,"when permitted by law, snap group limited, snap inc., and our affiliates, directors, officers, stockholders, employees, licensors, and agents, will not be liable for any indirect, incidental, special, consequential, punitive, or multiple damages, or any loss of profits or revenues, whether incurred directly or indirectly, or any loss of data, use, goodwill, or other intangible losses, resulting from: (a) your use of the services or inability to use the services; (b) your access to or inability to access the services; (c) the conduct or content of other users or third parties on or through the services; or (d) unauthorized access, use, or alteration of your content, even if snap group limited has been advised of the possibility of such damages."
Snap.xml,ch,2,"in no event will snap group limited, snap inc., or their affiliates’ aggregate liability for all claims relating to the services exceed the greater of £100 gbp or the amount you paid snap group limited, if any, in the last 12 months."
Snap.xml,ltd,2,"in no event will snap group limited, snap inc., or their affiliates’ aggregate liability for all claims relating to the services exceed the greater of £100 gbp or the amount you paid snap group limited, if any, in the last 12 months."
Snap.xml,ch,2,"to the extent the parties are permitted under these terms to initiate litigation in a court, both you and snap group limited agree that all claims and disputes (whether contractual or otherwise) arising out of or relating to the terms or the use of the services will be litigated exclusively in the courts of england in the united kingdom, unless this is prohibited by the laws of the country where you reside."
Snap.xml,j,3,"to the extent the parties are permitted under these terms to initiate litigation in a court, both you and snap group limited agree that all claims and disputes (whether contractual or otherwise) arising out of or relating to the terms or the use of the services will be litigated exclusively in the courts of england in the united kingdom, unless this is prohibited by the laws of the country where you reside."
Snap.xml,ch,2,you and snap group limited consent to the exclusive jurisdiction of those courts.
Snap.xml,j,3,you and snap group limited consent to the exclusive jurisdiction of those courts.
Snap.xml,ch,2,the laws of england and wales govern these terms and any claims and disputes (whether contractual or otherwise) arising out of or relating to these terms or their subject matter.
Snap.xml,law,2,the laws of england and wales govern these terms and any claims and disputes (whether contractual or otherwise) arising out of or relating to these terms or their subject matter.
Snap.xml,ch,2,"if you reside in one of those countries, the laws of your home country may apply to those disputes."
Snap.xml,law,1,"if you reside in one of those countries, the laws of your home country may apply to those disputes."
Snap.xml,ch,2,"20. Severability

If any provision of these Terms is found unenforceable, then that provision will be severed from these Terms and not affect the validity and enforceability of any remaining provisions.

21. Additional Terms for Specific Services

Given the breadth of our Services, we sometimes need to craft additional terms and conditions for specific Services. Those additional terms and conditions, which will be available with the relevant Services, then become part of your agreement with us if you use those Services. If any part of those additional terms and conditions conflicts with these Terms, the additional terms and conditions will prevail.

22. Final Terms

These Terms (together with any additional terms applicable to specific Services you use) make up the entire agreement between you and Snap Group Limited and supersede any prior agreements.
These Terms do not create or confer any third-party beneficiary rights.
If we do not enforce a provision in these Terms, it will not be considered a waiver.
We reserve all rights not expressly granted to you.
You may not transfer any of your rights or obligations under these Terms without our consent."
eBay.xml,use,2,you agree to comply with all of the above when accessing or using our services.
eBay.xml,ter,2,"failure to meet these standards may result in ebay charging you additional fees, and/or limiting, restricting, suspending, or downgrading your seller account."
eBay.xml,ter,3,"if we believe you are abusing ebay in any way, we may, in our sole discretion and without limiting other remedies, limit, suspend, or terminate your user account(s) and access to our services, delay or remove hosted content, remove any special status associated with your account(s), remove, not display, and/or demote listings, reduce or eliminate any discounts, and take technical and/or legal steps to prevent you from using our services."
eBay.xml,cr,3,"if we believe you are abusing ebay in any way, we may, in our sole discretion and without limiting other remedies, limit, suspend, or terminate your user account(s) and access to our services, delay or remove hosted content, remove any special status associated with your account(s), remove, not display, and/or demote listings, reduce or eliminate any discounts, and take technical and/or legal steps to prevent you from using our services."
eBay.xml,ter,2,we may cancel unconfirmed accounts or accounts that have been inactive for a long time or modify or discontinue our services.
eBay.xml,ter,3,"additionally, we reserve the right to refuse or terminate all or part of our services to anyone for any reason at our discretion."
eBay.xml,ch,2,"we may change our seller fees from time to time by posting the changes on the ebay site 14 days in advance, but with no advance notice required for temporary promotions or any changes that result in the reduction of fees."
eBay.xml,ch,2,"we may revise data in the ebay product catalog to supplement, remove, or correct information; if your listing uses catalog data that has been revised, those revisions may modify your listing accordingly."
eBay.xml,ch,2,the permission to use catalog content is subject to modification or revocation at any time at ebay's sole discretion.
eBay.xml,ter,2,the permission to use catalog content is subject to modification or revocation at any time at ebay's sole discretion.
eBay.xml,ter,2,we may suspend the ebay money back guarantee in whole or in part without notice if we suspect abuse or interference with the proper working of the policy.
eBay.xml,ltd,2,"in addition, to the extent permitted by applicable law, we (including our parent, subsidiaries, and affiliates, and our and their officers, directors, agents and employees) are not liable, and you agree not to hold us responsible, for any damages or losses (including, but not limited to, loss of money, goodwill or reputation, profits, other intangible losses, or any special, indirect, or consequential damages) resulting directly or indirectly from: the content you provide (directly or indirectly) using the services; your use of or your inability to use our services; pricing, shipping, format, or other guidance provided by ebay; delays or disruptions in our services; viruses or other malicious software obtained by accessing or linking to our services; glitches, bugs, errors, or inaccuracies of any kind in our services; damage to your hardware device from the use of any ebay service; the content, actions, or inactions of third parties, including items listed using our services or the destruction of allegedly fake items; a suspension or other action taken with respect to your account or breach of the abusing ebay section above; the duration or manner in which your listings appear in search results as set out in the listing conditions section above; or your need to modify practices, content, or behavior, or your loss of or inability to do business, as a result of changes to this user agreement or our policies."
eBay.xml,ltd,2,"regardless of the previous paragraphs, if we are found to be liable, our liability to you or to any third party is limited to the greater of (a) any amounts due under the ebay money back guarantee up to the price the item sold for on ebay (including any applicable sales tax) and its original shipping costs, (b) the amount of fees in dispute not to exceed the total fees, which you paid to us in the 12 months prior to the action giving rise to the liability, or (c) $100."
eBay.xml,law,2,"you agree that, except to the extent inconsistent with or preempted by federal law, the laws of the state of utah, without regard to principles of conflict of laws, will govern the user agreement and any claim or dispute that has arisen or may arise between you and ebay, except as otherwise stated in the user agreement."
eBay.xml,a,2,"you and ebay each agree that any and all disputes or claims that have arisen, or may arise, between you and ebay (including any disputes or claims between you and a third-party agent of ebay) that relate in any way to or arise out of this or previous versions of the user agreement, your use of or access to ebay's services, the actions of ebay or its agents, or any products or services sold, offered, or purchased through ebay's services shall be resolved exclusively through final and binding arbitration, rather than in court."
eBay.xml,j,3,"unless you and we agree otherwise, in the event that the agreement to arbitrate above is found not to apply to you or to a particular claim or dispute, either as a result of your decision to opt out of the agreement to arbitrate or as a result of a decision by the arbitrator or a court order, you agree that any claim or dispute that has arisen or may arise between you and ebay must be resolved exclusively by a state or federal court located in salt lake county, utah."
eBay.xml,j,3,"you and ebay agree to submit to the personal jurisdiction of the courts located within salt lake county, utah for the purpose of litigating all such claims or disputes."
eBay.xml,ch,2,"we may amend this user agreement at any time by posting the amended terms on www.ebay.com. our right to amend the user agreement includes the right to modify, add to, or remove terms in the user agreement."
eBay.xml,use,2,your continued access or use of our services constitutes your acceptance of the amended terms.
eBay.xml,ch,2,the policies posted on our sites may be changed from time to time.
eBay.xml,j,3,buyers and sellers further agree to submit to the jurisdiction of the state of illinois for complaints involving a ticketed event held in illinois.
Skype.xml,ch,2,skype may need to change or withdraw the number allocated to you from time to time.
Skype.xml,a,2,"if you live in the usa and select pay by mobile (see paragraph 20), a binding arbitration clause and class action waiver affects your rights to resolve a dispute with skype, its corporate affiliates, or other third parties including mobile phone carriers."
Skype.xml,use,2,"these terms are accepted by you (a) when you click to accept or agree to the terms; or (b) when you download and/or use the software, products and/or skype websites."
Skype.xml,ch,2,skype may make changes to these terms from time to time.
Skype.xml,ch,2,please review the terms on a regular basis.
Skype.xml,use,2,"you understand and agree that your express acceptance of the terms or your use of the software, products and/or skype websites after the date of publication shall constitute your agreement to the updated terms."
Skype.xml,ch,2,you agree to receive such updates from skype in order to continue using the skype software and you agree to accept such updates subject to these terms.
Skype.xml,ch,2,"from time to time, skype may need to perform maintenance on or upgrade the software, products or skype websites or the underlying infrastructure that enables you to use the software, products or skype websites."
Skype.xml,ltd,2,"you will not be entitled to claim damages for such suspension or limitation of the use of any software, product or skype website."
Skype.xml,ltd,2,skype will have no liability for your failed emergency call in such circumstances.
Skype.xml,cr,3,"skype may in its sole discretion block, prevent delivery of or otherwise remove the content of communications as part of its effort to protect the software, products or its customers, or otherwise enforce these terms."
Skype.xml,ter,2,"further, skype may in its sole discretion remove such content and/or terminate these terms and your user account if you use any content that is in breach of these terms."
Skype.xml,cr,2,"further, skype may in its sole discretion remove such content and/or terminate these terms and your user account if you use any content that is in breach of these terms."
Skype.xml,cr,3,"if skype receives any notification that any material that you post, upload, edit, host, share and/or publish on the skype website or through the software (excluding your private communications) (“user submission”) is inappropriate, infringes any rights of any third party, or if skype wishes to remove your user submission for any reason whatsoever, skype reserves the right to automatically remove such user submission for any reason immediately or within such other timescales as may be decided from time to time by skype in its sole discretion."
Skype.xml,ltd,2,"skype takes no responsibility for any disruption, interruption or delay caused by any failure of or inadequacy in any of these items or any other items over which we have no control."
Skype.xml,ch,2,"accordingly, you acknowledge and agree that the products and functionality of the software may vary from time to time."
Skype.xml,ltd,2,skype takes no responsibility for your failure to comply with the obligations in this paragraph 6.1.
Skype.xml,ch,2,skype reserves the right to revoke these exceptions at any time.
Skype.xml,ch,3,skype may change the rates for calling phones and premium rate numbers at any time without notice to you by posting such change at www.skype.com/go/allrates.
Skype.xml,ch,3,skype may change the charges payable for the purchase of such products at any time without any notice to you.
Skype.xml,ch,3,"skype reserves the right to charge you for such products (at the normal rate) in the event that skype determines (in its reasonable discretion) that you are abusing the terms of the offer, including if you are using any service, proxy or other devices or anonymous ip address that prevents us from locating you."
Skype.xml,ch,3,skype reserves the right to remove or amend the available payment methods at its sole discretion.
Skype.xml,ter,2,"skype may terminate its relationship with you, or may terminate or suspend your use of the software, user account(s), products or skype websites at any time and without recourse to the courts: (a) if you are in breach of these terms; (b) if skype reasonably suspects that you are using the software, the products and/or skype websites to break the law or infringe third party rights; (c) if skype reasonably suspects that you are trying to unfairly exploit or misuse the refund policy, or any of our policies; (d) if skype reasonably suspects that you are using our products, software and/or skype websites fraudulently or that your user account is being used by a third party fraudulently; (e) if you have purchased skype credit from an unauthorised reseller; (f) in respect of a particular product, on thirty (30) days notice if skype decides to cease offering that product; (g) immediately, if required due to a change in laws/regulation by a regulator or authority with a lawful mandate, or by any of skype’s partners; (h) on thirty (30) days notice if skype decides to cease offering the software to users in your jurisdiction generally."
Skype.xml,ter,2,we reserve the right to cancel user accounts that have been inactive for more than one (1) year.
Skype.xml,ltd,1,"nothing in these terms shall exclude or restrict skype's liability for (a) death or personal injury, (b) loss resulting from skype's wilful default or gross negligence, (c) fraud or deliberate misrepresentation, or (d) any liability which cannot be limited or excluded by applicable law."
Skype.xml,ltd,2,"you acknowledge and agree that skype will have no liability whatsoever, whether in contract, tort (including negligence) or any other theory of liability, and whether or not the possibility of such damages or losses has been notified to skype, in connection with or arising from your use of skype websites, or the internet communications software or other software that is provided free of charge."
Skype.xml,ltd,2,"subject to paragraphs 12.3 and 12.4 above, skype shall not be liable to you, whether in contract, tort (including negligence) or any other theory of liability, and whether or not the possibility of such damages or losses has been notified to skype, for:

(a) any indirect, special, incidental or consequential damages; or

(b) any loss of income, business, actual or anticipated profits, opportunity, goodwill or reputation (whether direct or indirect); or

(c) any damage to or corruption of data (whether direct or indirect);

(d) any claim, damage or loss (whether direct or indirect ) arising from or relating to:

(i) your inability to use the software to contact emergency services;

(ii) your failure to make additional arrangements to access emergency services in accordance with paragraph 5.5 above;

(iii)the service limitations set out in paragraph 5.6;

(iv)your failure to provide accurate physical location information to an emergency services operative; or

(v)conduct of third party emergency services operatives and calling centres to which you may be connected.

(e) any claim, damage or loss (whether direct or indirect) arising from or relating to:

(i) any product or service provided by a third party under their own terms of service, including without limitation, skype wifi;

(ii) any third party technology;

(iii) any third party website."
Skype.xml,ltd,2,"subject to paragraphs 12.3 - 12.5 above, skype’s total liability to you under or in connection with these terms (whether in contract, tort (including negligence) or any other theory of liability)) shall not exceed in aggregate the amount paid by you for the products in the 12 month period immediately prior to the date of the event giving rise to the relevant claim, subject to a maximum of five thousand euros in all cases."
Skype.xml,ltd,2,"whilst skype takes no responsibility for such products or services, if you encounter any problems with payment for or download, use of installation of such products or services, skype will use commercially reasonable endeavours to assist or resolve the problems."
Skype.xml,ch,2,the merchant has the ability to change its pricing or terminate its product availability at anytime.
Skype.xml,ltd,2,skype is not responsible for such third party websites or the availability of such websites and does not endorse any content or material on such third party websites.
Skype.xml,use,2,"if you use any such software development kit or api (as applicable) you agree that you have read and will comply with the applicable licensing terms, which are available on http://developer.skype.com/."
Skype.xml,ch,2,"skype may, without prior notice, assign these terms or any rights or obligations contained in them to any third party."
Skype.xml,ltd,2,"you acknowledge and agree that if skype is unable to provide the software, products and/or skype websites as a result of a force majeure event, skype will not be in breach of any of its obligations towards you under these terms."
Skype.xml,law,2,these terms other than paragraph 20.3 shall be governed by and interpreted in accordance with the laws of luxembourg and shall be subject to the jurisdiction of the courts of the district of luxembourg.
Skype.xml,j,3,these terms other than paragraph 20.3 shall be governed by and interpreted in accordance with the laws of luxembourg and shall be subject to the jurisdiction of the courts of the district of luxembourg.
Skype.xml,ch,2,"skype reserves the right to change the terms related to skype numbers and/or skype to go numbers, including without limitation to impose or amend any residency requirements and/or require the provision of further user information for continued access to such numbers."
Skype.xml,ch,2,"if skype needs to withdraw or change the number that has been made available to you, skype will use commercially reasonable endeavours to notify you by e-mail, stating the effective date of the change and where possible, your new number."
Skype.xml,ter,3,the right to use the number and the cancellation of such right rest with the skype manager administrator at his/her sole discretion and not you.
Skype.xml,ter,2,"skype may at its option, terminate its relationship with you, or may suspend your subscription immediately if it determines you are using your subscription contrary to this fup or skype’s terms of use."
Skype.xml,ch,2,skype reserves the right to withdraw or change the subscriptions at any time.
Skype.xml,ter,3,skype reserves the right to withdraw or change the subscriptions at any time.
Skype.xml,ch,2,skype reserves the right to change the fair usage policy at any time. changes shall become effective when published on the skype website.
Skype.xml,use,2,your continued use of a skype premium subscription after publication on the skype website shall constitute your acceptance to be bound by the terms and conditions of the revised fair usage policy.
Skype.xml,ch,2,skype reserves the right to change the fair usage policy at any time.
Skype.xml,use,2,your continued use of qik premium after publication on the skype website shall constitute your acceptance to be bound by the terms and conditions of the revised fair usage policy.
Skype.xml,ter,2,"skype may in its option, terminate its relationship with you, or suspend your account immediately if it determines you are using video messaging contrary to this fup or these terms."
Skype.xml,j,1,"you may also litigate any dispute in a small claims court in your county of residence, if the dispute meets all requirements to be heard in the small claims court."
Skype.xml,a,2,"if you and a disputed party do not resolve any dispute by informal negotiation or in small claims court, any other effort to resolve the dispute will be conducted exclusively by binding arbitration governed by the united states federal arbitration act (“faa”)."
Skype.xml,use,2,"by clicking on the accept button and/or continuing to install the software or use the software, products and/or skype websites, you expressly consent to be bound by its terms and conditions and grant to skype the rights set forth herein."
Duolingo.xml,use,2,"by accessing or using any part of the service, you represent that you have read, understood, and agree to be bound by these terms and conditions including any future modifications."
Duolingo.xml,ch,2,"duolingo may amend, update or change these terms and conditions."
Duolingo.xml,use,2,any revisions to these terms and conditions will become effective the earlier of (i) the end of such 7-day period or (ii) the first time you access or use the service after such changes.
Duolingo.xml,ter,3,"duolingo may, in its sole discretion and at any time, update, change, suspend, make improvements to or discontinue any aspect of the service, temporarily or permanently."
Duolingo.xml,ch,2,"duolingo may, in its sole discretion and at any time, update, change, suspend, make improvements to or discontinue any aspect of the service, temporarily or permanently."
Duolingo.xml,ter,3,"duolingo may manage, regulate, control, modify, or eliminate virtual items at any time, with or without notice."
Duolingo.xml,ch,2,"duolingo may update the pricing of virtual items at any time in its sole discretion, and may add new virtual items for additional fees."
Duolingo.xml,ltd,2,duolingo shall have no liability to you or any third party in the event that duolingo exercises any such rights.
Duolingo.xml,ch,2,duolingo may revise the pricing for the goods and services offered through the service at any time.
Duolingo.xml,ltd,2,"in no event will duolingo be responsible for the actions or inactions of any third party payment processor, including, but not limited to, system downtime or payment service outages."
Duolingo.xml,ltd,2,"in the event that duolingo suspends or terminates your use of the service or these terms and conditions or you close your account voluntarily, you understand and agree that you will receive no refund or exchange of any kind, including for any unused virtual currency or other virtual item, any content or data associated with your use of the service, or for anything else."
Duolingo.xml,ltd,2,"you expressly acknowledge and agree that duolingo shall not be responsible or liable, directly or indirectly, for any damage or loss arising from your use of any third-party website, service, or content."
Duolingo.xml,ltd,2,"in no event will duolingo be liable to you or any third party claiming through you (whether based in contract, tort, strict liability or other theory) for indirect, incidental, special, consequential or exemplary damages arising out of or relating to the access or use of, or the inability to access or use, the service or any portion thereof, including but not limited to the loss of use of the service, inaccurate results, loss of profits, business interruption, or damages stemming from loss or corruption of data or data being rendered inaccurate, the cost of recovering any data, the cost of substitute services or claims by third parties for any damage to computers, software, modems, telephones or other property, even if duolingo has been advised of the possibility of such damages. duolingo’s liability to you or any third party claiming through you for any cause whatsoever, and regardless of the form of the action, is limited to the amount paid, if any, by you to duolingo for the service in the 12 months prior to the initial action giving rise to liability."
Duolingo.xml,ter,3,"duolingo may terminate your access and use of the service immediately at any time, for any reason, and at such time you will have no further right to use the service. you may terminate your duolingo account at any time by following the instructions available through the service."
Duolingo.xml,use,2,"by using the service, you consent to the terms of the privacy policy."
Duolingo.xml,law,2,"these terms and conditions, its subject matter and duolingo’s and your respective rights under these terms and conditions, as well as and any claim, cause of action or dispute (“claim”) arising out of or related to these terms and conditions, shall be governed by and construed under the laws of the commonwealth of pennsylvania, united states of america, excluding the conflict of law provisions of that or any other jurisdiction, regardless of your country of origin or where you access the service."
Duolingo.xml,a,2,"any dispute or claim relating in any way to these terms and conditions or the service will be resolved by binding arbitration, rather than in court, except for duolingo’s right to seek injunctive relief as set forth below."
Duolingo.xml,j,3,"if a court of competent jurisdiction finds the foregoing arbitration provisions invalid or inapplicable, you and duolingo agree that all claims arising out of or related to these terms and conditions must be resolved exclusively by a state or federal court located in the county of allegheny in the commonwealth of pennsylvania, and you and duolingo each agree to submit to the exercise of personal jurisdiction of such courts for the purpose of litigating all such claims."
Skyscanner.xml,use,2,"by downloading, accessing or otherwise using the skyscanner services and/or skyscanner platforms, you are confirming that you have read, understood and agreed to these terms and those of the privacy policy."
Skyscanner.xml,ch,2,we may amend these terms at any time at our discretion.
Skyscanner.xml,use,2,"if these terms are amended, we shall display the revised terms and conditions on or via the skyscanner services and/or skyscanner platforms and you will be deemed to have accepted any amendments if you continue using the skyscanner services and/or skyscanner platforms after the amendments are displayed."
Skyscanner.xml,cr,3,"we are under no obligation to store, retain, publish or make available any user content uploaded by you and that you shall be responsible for creating backups of any such user content if necessary."
Skyscanner.xml,ter,2,"you acknowledge that breaching travel provider terms could result in the cancellation of tickets or reservations, revocation of frequent flier miles and other benefits, and additional charges."
Skyscanner.xml,ltd,2,"skyscanner has no responsibility whatsoever for any arrangements you make with any third party as a result of your use of the skyscanner services and/or skyscanner platforms (including, without limitation, any travel provider)."
Skyscanner.xml,ltd,2,we have no control over the contents of those sites or resources and accept no responsibility for them or for any loss or damage that may arise from your use of them.
Skyscanner.xml,ltd,2,"each individual advertiser is solely responsible for the content of its advertising material and skyscanner accepts no responsibility for the content of advertising material, including, without limitation, any error, omission or inaccuracy therein."
Skyscanner.xml,ltd,2,"to the maximum extent permitted by law, we (together with our officers, directors, employees, representatives, affiliates, providers and third parties) do not accept any liability for (a) any inaccuracies or omissions in the content displayed on or via the skyscanner services and/or skyscanner platforms; or (b) any act of god, accident, delay or any special, exemplary, punitive, indirect, incidental or consequential loss or damage of any kind (including, without limitation, lost profits or lost savings), whether based in contract, tort (including negligence), strict liability or otherwise, incurred by you arising out of or in connection with your access to, use of, or inability to access or use, the skyscanner services and/or skyscanner platforms or any content contained provided therein."
Skyscanner.xml,ltd,2,"subject to these terms and to the extent permitted by law, our maximum aggregate liability to you arising out of or in connection with these terms or your access to, use of, or inability to access or use, the skyscanner services and/or skyscanner platforms shall be limited to the sum of £100 (one hundred pounds sterling)."
Skyscanner.xml,ltd,1,nothing in these terms shall limit or exclude (a) our liability in respect of death or personal injury caused by our negligence or for our fraud or fraudulent misrepresentation; (b) any other liability that cannot be excluded by law; or (c) your statutory rights.
Skyscanner.xml,ter,2,"skyscanner may in its absolute discretion immediately terminate any agreement with you under these terms at any time upon notice to you and/or, if you have a log-in account, by cancelling your membership and your access to your account."
Skyscanner.xml,ter,3,"skyscanner may suspend your use of the skyscanner services and/or skyscanner platforms without notice at any time, without incurring any liability to you whatsoever."
Skyscanner.xml,law,2,"irrespective of the country from which you access or use the skyscanner services and/or skyscanner platforms, to the extent permitted by law these terms and your use of the skyscanner services and/or skyscanner platforms shall be governed in accordance with the laws of england and wales and you are deemed to have submitted to the non-exclusive jurisdiction of the courts of england and wales to resolve any disputes which may arise hereunder."
Skyscanner.xml,j,3,"irrespective of the country from which you access or use the skyscanner services and/or skyscanner platforms, to the extent permitted by law these terms and your use of the skyscanner services and/or skyscanner platforms shall be governed in accordance with the laws of england and wales and you are deemed to have submitted to the non-exclusive jurisdiction of the courts of england and wales to resolve any disputes which may arise hereunder."
Masquerade.xml,use,2,"by using our services, you agree to be bound by these terms."
Masquerade.xml,a,2,"if you are a masquerade user located in the united states or canada, our terms contain a binding arbitration provision, which states that, except if you opt out and except for certain types of disputes, masquerade and you agree to resolve all disputes through binding individual arbitration, which means that you waive your right to participate in class actions, class arbitrations, or representative actions."
Masquerade.xml,ter,3,"masquerade reserves the right to change, suspend, remove, discontinue, impose limits on, or disable access to the services or any portions thereof or your use thereof."
Masquerade.xml,ch,2,"masquerade reserves the right to change, suspend, remove, discontinue, impose limits on, or disable access to the services or any portions thereof or your use thereof."
Masquerade.xml,cr,3,"masquerade may remove any content from the services at our discretion, including if we believe it violates our terms and policies."
Masquerade.xml,ter,2,we may terminate your account if you repeatedly infringe the intellectual property rights of others.
Masquerade.xml,ltd,2,"the masquerade parties will not be liable for any lost profits or indirect, special, incidental, consequential, exemplary, or punitive damages relating to, arising out of, or in any way in connection with these terms and policies, us, our services, or any content even if the masquerade parties have been advised of the possibility of such damages."
Masquerade.xml,ltd,2,"our aggregate liability relating to, arising out of, or in any way in connection with masquerade’s terms and policies, us, our services, or any content will not exceed the greater of one hundred dollars ($100) or the amount you have paid masquerade in the past twelve months."
Masquerade.xml,ltd,2,the foregoing disclaimer of certain damages and limitation of liability will apply to the maximum extent permitted by applicable law.
Masquerade.xml,ltd,2,"notwithstanding anything to the contrary in our terms, in such cases, the liability of the masquerade parties will be limited to the fullest extent permitted by applicable law."
Masquerade.xml,ch,2,we may amend these terms.
Masquerade.xml,use,2,"your continued use of our services following such amendment confirms your acceptance of our terms, as amended."
Masquerade.xml,ter,3,"we may suspend, or terminate your access to or use of our services anytime for any reason, such as if you violate the letter or spirit of our terms and polices, or create harm, risk, or possible legal exposure for us, our users, or others."
Masquerade.xml,j,3,"if you are not subject to that provision, you agree that you will resolve any claim you have with us relating to, arising out of, or in any way in connection with our terms and policies, us, or our services (each, a ""dispute"" and together, ""disputes"") exclusively in the united states district court for the northern district of california or a state court located in santa clara county in california, and you agree to submit to the personal jurisdiction of such courts for the purpose of litigating all such disputes."
Masquerade.xml,law,2,"the law of the state of california govern our terms and policies, as well as any disputes, whether in court or arbitration, which might arise between masquerade and you, without regard to conflict of law provisions."
Masquerade.xml,a,2,"if you are a masquerade user located in the united states or canada, it requires you to submit to binding individual arbitration of all disputes, except for those that involve excluded disputes and except those that can be brought in small claims court."
Masquerade.xml,a,2,"masquerade and you agree that all disputes (except for the excluded disputes), including those relating to, arising out of, or in any way in connection with your rights of privacy and publicity, will be resolved through final and binding arbitration."
Twitter.xml,use,2,by using the services you agree to be bound by these terms.
Twitter.xml,use,2,"you understand that through your use of the services you consent to the collection and use (as set forth in the privacy policy) of this information, including the transfer of this information to the united states, ireland, and/or other countries for storage, processing and use by twitter and its affiliates."
Twitter.xml,cr,2,"we reserve the right to remove content alleged to be infringing without prior notice, at our sole discretion, and without liability to you."
Twitter.xml,ch,2,"as such, the services may change from time to time, at our discretion."
Twitter.xml,ter,3,we may stop (permanently or temporarily) providing the services or any features within the services to you or to users generally.
Twitter.xml,ch,2,we also retain the right to create limits on use and storage at our sole discretion at any time.
Twitter.xml,ltd,2,"we may also remove or refuse to distribute any content on the services, suspend or terminate users, and reclaim usernames without liability to you."
Twitter.xml,cr,3,"we may also remove or refuse to distribute any content on the services, suspend or terminate users, and reclaim usernames without liability to you."
Twitter.xml,ter,3,"we may suspend or terminate your account or cease providing you with all or part of the services at any time for any or no reason, including, but not limited to, if we reasonably believe: (i) you have violated these terms or the twitter rules, (ii) you create risk or possible legal exposure for us; (iii) your account should be removed due to prolonged inactivity; or (iv) our provision of the services to you is no longer commercially viable."
Twitter.xml,ltd,2,"the twitter entities shall not be liable for any indirect, incidental, special, consequential or punitive damages, or any loss of profits or revenues, whether incurred directly or indirectly, or any loss of data, use, good-will, or other intangible losses, resulting from (i) your access to or use of or inability to access or use the services; (ii) any conduct or content of any third party on the services, including without limitation, any defamatory, offensive or illegal conduct of other users or third parties; (iii) any content obtained from the services; or (iv) unauthorized access, use or alteration of your transmissions or content. the limitations of this subsection shall apply to any theory of liability, whether based on warranty, contract, statute, tort (including negligence) or otherwise, and whether or not the twitter entities have been informed of the possibility of any such damage, and even if a remedy set forth herein is found to have failed of its essential purpose."
Twitter.xml,ch,2,we may revise these terms from time to time.
Twitter.xml,ch,2,"the changes will not be retroactive, and the most current version of the terms, which will always be at twitter.com/tos, will govern our relationship with you."
Twitter.xml,ch,2,"we will try to notify you of material revisions, for example via a service notification or an email to the email associated with your account."
Twitter.xml,use,2,"by continuing to access or use the services after those revisions become effective, you agree to be bound by the revised terms."
LinkedIn.xml,use,2,when you use our services you agree to all of these terms.
LinkedIn.xml,use,2,"you agree that by clicking “join now”, “join linkedin”, “sign up” or similar, registering, accessing or using our services (described below), you are agreeing to enter into a legally binding contract with linkedin (even if you are using our services on behalf of a company)."
LinkedIn.xml,ch,2,"we may modify this contract, our privacy policy and our cookies policies from time to time."
LinkedIn.xml,use,2,your continued use of our services after we publish or send a notice about our changes to these terms means that you are consenting to the updated terms.
LinkedIn.xml,cr,3,"we are not obligated to publish any information or content on our service and can remove it in our sole discretion, with or without notice."
LinkedIn.xml,ter,3,"we may change, suspend or end any service, or change and modify prices prospectively in our discretion."
LinkedIn.xml,ch,2,"we may change, suspend or end any service, or change and modify prices prospectively in our discretion."
LinkedIn.xml,ter,3,we may change or discontinue any of our services.
LinkedIn.xml,ltd,2,you agree that we are not responsible for others’ (including other members’) content or information.
LinkedIn.xml,ltd,2,"we cannot always prevent this misuse of our services, and you agree that we are not responsible for any such misuse."
LinkedIn.xml,ltd,2,"except to the limited extent it may be required by applicable law, linkedin is not responsible for these other sites and apps – use these at your own risk. please see our privacy policy."
LinkedIn.xml,ch,2,we have the right to limit how you connect and interact on our services.
LinkedIn.xml,ch,2,"linkedin reserves the right to limit your use of the services, including the number of your connections and your ability to contact other members."
LinkedIn.xml,ter,2,"linkedin reserves the right to restrict, suspend, or terminate your account if linkedin believes that you may be in breach of this contract or law or are misusing the services (e.g. violating any do and don’ts)."
LinkedIn.xml,ch,2,"linkedin reserves the right to restrict, suspend, or terminate your account if linkedin believes that you may be in breach of this contract or law or are misusing the services (e.g. violating any do and don’ts)."
LinkedIn.xml,ltd,2,"to the extent allowed under law, linkedin and its affiliates (and those that linkedin works with to provide the services) (a) disclaim all implied warranties and representations (e.g. warranties of merchantability, fitness for a particular purpose, accuracy of data, and noninfringement); (b) do not guarantee that the services will function without interruption or errors, and (c) provide the service (including content and information) on an “as is” and “as available” basis."
LinkedIn.xml,ltd,2,"to the extent permitted under law (and unless linkedin has entered into a separate written agreement that overrides this contract), linkedin and its affiliates (and those that linkedin works with to provide the services) shall not be liable to you or others for any indirect, incidental, special, consequential or punitive damages, or any loss of data, opportunities, reputation, profits or revenues, related to the services (e.g. offensive or defamatory statements, down time or loss, use of, or changes to, your information or content)."
LinkedIn.xml,ltd,2,"in no event shall the liability of linkedin and its affiliates (and those that linkedin works with to provide the services) exceed, in the aggregate for all claims, an amount that is the lesser of (a) five times the most recent monthly or yearly fee that you paid for a premium service, if any, or (b) us $1000."
LinkedIn.xml,ter,3,we can each end this contract anytime we want.
LinkedIn.xml,ter,3,both you and linkedin may terminate this contract at any time with notice to the other.
LinkedIn.xml,law,2,"in the unlikely event we end up in a legal dispute, we agree to resolve it in california courts (using california law) or dublin, ireland courts (using irish law)."
LinkedIn.xml,j,3,"in the unlikely event we end up in a legal dispute, we agree to resolve it in california courts (using california law) or dublin, ireland courts (using irish law)."
LinkedIn.xml,law,2,"if you live in the european union: you agree that the laws of ireland, excluding conflict of laws rules, shall exclusively govern any dispute relating to this contract and/or the services."
LinkedIn.xml,j,3,"we both agree that all of these claims can only be litigated in dublin, ireland, and we each agree to personal jurisdiction of the courts located in dublin, ireland."
LinkedIn.xml,law,2,"for all others, including those who live outside of the united states, you agree that the laws of the state of california, u.s.a., excluding its conflict of laws rules, shall exclusively govern any dispute relating to this contract and/or the services."
LinkedIn.xml,j,3,"we both agree that all of these claims can only be litigated in the federal or state courts in santa clara county, california, usa, and we each agree to personal jurisdiction in those courts."
LinkedIn.xml,ch,2,we reserve the right to change the terms of this contract and will provide you notice if we do and we agree that changes cannot be retroactive.
Atlas.xml,use,2,"by visiting our website and accessing the information, resources, services, products, and tools we provide, you understand and agree to accept and adhere to the following terms and conditions as stated in this policy (hereafter referred to as ‘user agreement’), along with the terms and conditions as stated in our privacy policy (please refer to the privacy policy section below for more information)."
Atlas.xml,ch,2,we reserve the right to change this user agreement from time to time without notice.
Atlas.xml,ch,2,you acknowledge and agree that it is your responsibility to review this user agreement periodically to familiarize yourself with any modifications.
Atlas.xml,use,2,your continued use of this site after such modifications will constitute acknowledgment and agreement of the modified terms and conditions.
Atlas.xml,cr,2,"we have the right at our sole discretion to remove any content that, we feel in our judgment does not comply with this user agreement, along with any content that we feel is otherwise offensive, harmful, objectionable, inaccurate, or violates any 3rd party copyrights or trademarks."
Atlas.xml,ltd,2,h. we do not assume any liability for any content posted by you or any other 3rd party users of our website.
Atlas.xml,ltd,2,"in conjunction with the limitation of warranties as explained above, you expressly understand and agree that any claim against us shall be limited to the amount you paid, if any, for use of products and/or services."
Atlas.xml,ltd,2,"atlas solutions group inc. will not be liable for any direct, indirect, incidental, consequential or exemplary loss or damages which may be incurred by you as a result of using our resources, or as a result of any changes, data loss or corruption, cancellation, loss of access, or downtime to the full extent that applicable limitation of liability laws apply."
Atlas.xml,ter,3,"you agree that we may, at our sole discretion, suspend or terminate your access to all or part of our website and resources with or without notice and for any reason, including, without limitation, breach of this user agreement."
Atlas.xml,ter,2,"any suspected illegal, fraudulent or abusive activity may be grounds for terminating your relationship and may be referred to appropriate law enforcement authorities."
Atlas.xml,cr,2,"upon suspension or termination, your right to use the resources we provide will immediately cease, and we reserve the right to remove or delete any information that you may have on file with us, including any account or login information."
Atlas.xml,law,2,"as each country has laws that may differ from those of ca, by accessing our website, you agree that the statutes and laws of ca, without regard to the conflict of laws and the united nations convention on the international sales of goods, will apply to all matters relating to the use of this website and the purchase of any products or services through this site."
Atlas.xml,j,3,"furthermore, any action to enforce this user agreement shall be brought in the federal or state courts located in us, ca you hereby agree to personal jurisdiction by such courts, and waive any jurisdictional, venue, or inconvenient forum objections to such courts."
Evernote.xml,use,2,if you do register for or otherwise use our service you shall be deemed to confirm your acceptance of the terms and your agreement to be a party to this binding contract.
Evernote.xml,use,2,"by using the service, you acknowledge, accept and agree with all provisions of the privacy policy, including, without limitation, the use and treatment of the text, images, and other data you choose to input, upload, or store in evernote (collectively, “content”) and your personal information in accordance with such privacy policy."
Evernote.xml,use,2,"in exchange for being enabled to use the service, you agree to abide by these terms.´"
Evernote.xml,ch,2,"these terms may be amended as new features, technology, or legal requirements arise, so please check back from time to time."
Evernote.xml,ch,2,"if we make a significant change, we’ll notify you and, where required, seek your consent."
Evernote.xml,use,2,"if we do update these terms, you are free to decide whether to accept the updated terms or to stop using our service (see “how is my account closed” below); your continued use of the service after the effectiveness of that update will be deemed to represent your agreement with, and consent to be bound by, the new terms."
Evernote.xml,cr,2,"if we find that any shared content in your account violates our terms of service (including by violating another person’s intellectual property or privacy rights), we reserve the right to un-share or take down such content."
Evernote.xml,ch,2,"we retain the right, in our sole discretion, to implement new elements as part of and/or ancillary to the service, including changes that may affect the previous mode of operation of the service or evernote software."
Evernote.xml,ch,2,"we also reserve the right to establish limits to the nature or size of storage available to you, the number of transmissions, the ability to send or receive email messages, the nature or size of any index or library information, the nature of, or your continued ability to access or distribute, your content and other data, and impose other limitations at any time, with or without notice."
Evernote.xml,ltd,2,"you also acknowledge that a variety of evernote actions may impair or prevent you from accessing your content or using the service at certain times and/or in the same way, for limited periods or permanently, and agree that evernote has no responsibility or liability as a result of any such actions or results, including, without limitation, for the deletion of, or failure to make available to you, any content."
Evernote.xml,ltd,2,"you agree that we shall not be liable to you or to any third party for any modification, suspension or discontinuance of any part of the service."
Evernote.xml,ter,3,"evernote may act to temporarily limit your use of the service, suspend access to your account, or close your account, with or without notice according to these terms."
Evernote.xml,ltd,2,"some advertising or other messaging content we provide will be based upon information provided by third parties, and we shall not be responsible or liable for any loss or damage of any sort incurred by you as a result of any advertisements or other messages."
Evernote.xml,ltd,2,"we may have little or no control over such sites or developers and, accordingly, you acknowledge and agree that (i) we are not responsible for the availability of such external sites, content or applications; (ii) we are not responsible or liable for any content or other materials or performance available from such sites or applications and (iii) we shall not be responsible or liable, directly or indirectly, for any damage or loss caused or alleged to be caused by or in connection with use of or reliance on any such content, materials or applications."
Evernote.xml,ltd,2,any material downloaded or otherwise obtained through the use of the service is done at your own discretion and risk and you are solely responsible for any damage to your computer or other device or loss of data resulting from the download or use of any such material.
Evernote.xml,ltd,2,"you expressly understand and agree that evernote, its subsidiaries, affiliates, service providers, and licensors, and our and their respective officers, employees, agents and successors shall not be liable to you for any direct, indirect, incidental, special, consequential or exemplary damages, including but not limited to, damages for loss of profits, goodwill, use, data, cover or other intangible losses (even if evernote has been advised of the possibility of such damages) resulting from: (i) the use or the inability to use the service or to use promotional codes or evernote points; (ii) the cost of procurement of substitute services resulting from any data, information or service purchased or obtained or messages received or transactions entered into through or from the service; (iii) unauthorized access to or the loss, corruption or alteration of your transmissions, content or data; (iv) statements or conduct of any third party on or using the service, or providing any services related to the operation of the service; (v) evernote’s actions or omissions in reliance upon your basic subscriber information and any changes thereto or notices received therefrom; (vi) your failure to protect the confidentiality of any passwords or access rights to your account; (vii) the acts or omissions of any third party using or integrating with the service; (viii) any advertising content or your purchase or use of any advertised or other third-party product or service; (ix) the termination of your account in accordance with the terms of these terms of service; or (x) any other matter relating to the service."
Evernote.xml,law,2,"if you are a resident of the united states or canada, these terms and the relationship between you and evernote (including any dispute) shall be governed in all respects by the laws of the state of california, united states of america, as they apply to agreements entered into and to be performed entirely within california between california residents, without regard to its conflict of law provisions."
Evernote.xml,law,2,"if you reside in brazil, these terms and the relationship between you and evernote (including any dispute) shall be governed in all respects by the laws of brazil and shall be considered to have been made and accepted in brazil, without regard to conflict of law provisions."
Evernote.xml,law,2,"if you reside outside of the united states, canada, and brazil, these terms and the relationship between you and evernote (including any dispute) shall be governed in all respects by the laws of switzerland and shall be considered to have been made and accepted in switzerland, without regard to conflict of law provisions."
Evernote.xml,j,3,"except where our dispute is being resolved pursuant to an arbitration (as provided below), if you are a resident of the united states or canada, you agree that any claim or dispute you may have against evernote must be resolved exclusively by a state or federal court located in san mateo county, california."
Evernote.xml,j,3,"you agree to submit to the exclusive personal jurisdiction of the courts located within san mateo county, california (and, for the avoidance of doubt, to exclude the jurisdiction of any other court) for the purpose of litigating all such claims or disputes."
Evernote.xml,j,3,"except where our dispute is being resolved pursuant to an arbitration (as provided below), if you reside in brazil, you agree that any claim or dispute you may have against evernote must be resolved exclusively by the courts in são paolo-sp, brasil."
Evernote.xml,j,3,"you agree to submit to the exclusive personal jurisdiction of the courts located within são paolo-sp, brasil (and, for the avoidance of doubt, to exclude the jurisdiction of any other court) for the purpose of litigating all such claims or disputes."
Evernote.xml,j,3,"except where our dispute is being resolved pursuant to an arbitration (as provided below), if you are not a resident of the united states, canada, or brazil, you agree that any claim or dispute you may have against evernote must be resolved exclusively by the courts in zurich, switzerland."
Evernote.xml,j,3,"you agree to submit to the exclusive personal jurisdiction of the courts located within zurich, switzerland (and, for the avoidance of doubt, to exclude the jurisdiction of any other court) for the purpose of litigating all such claims or disputes."
Evernote.xml,a,2,"if you reside in the united states or are otherwise subject to the us federal arbitration act, you and evernote agree that any and all disputes or claims that have arisen or may arise between us - except any dispute relating to the enforcement or validity of your, our or either of our licensors’ intellectual property rights - shall be resolved exclusively through final and binding arbitration, rather than in court, except that you may assert claims in small claims court, if your claims qualify."
Evernote.xml,ltd,2,"you agree that regardless of any statute or law to the contrary or the applicable dispute resolution process, any claim or cause of action you may have arising out of or related to use of the service or otherwise under these must be filed within one (1) year after such claim or cause of action arose or you hereby agree to be forever barred from bringing such claim."
Onavo.xml,use,2,"by using the services, you hereby acknowledge and agree that you have read and understand this agreement and agree to be legally bound by it."
Onavo.xml,a,2,"these terms contain a binding arbitration agreement and class action waiver, which state that you and onavo agree to resolve certain disputes through binding individual arbitration and give up any right to have those disputes decided by a judge or jury."
Onavo.xml,ter,2,"should onavo become aware that you have violated section 4.2 above, onavo shall be entitled, at its own discretion, to remove the content in violation immediately, terminate your user account under section 9 below and/or notify the relevant authorities."
Onavo.xml,cr,2,"should onavo become aware that you have violated section 4.2 above, onavo shall be entitled, at its own discretion, to remove the content in violation immediately, terminate your user account under section 9 below and/or notify the relevant authorities."
Onavo.xml,ter,3,"onavo may terminate this agreement, or terminate or suspend your access to any of the services at any time, with or without cause, with or without notice. upon such termination or suspension, your right to use the services will immediately cease."
Onavo.xml,ter,2,"any unauthorized use of the services or other failure by you to comply with the terms of this agreement will be deemed a material breach of this agreement and will entitle onavo, without derogating from any other remedies available to it, to immediately suspend or terminate this agreement with no liability to you."
Onavo.xml,ter,3,"onavo reserves the right to make corrections, modifications, enhancements, improvements and other changes to the services at any time or to discontinue the services without notice."
Onavo.xml,ch,2,"onavo reserves the right to make corrections, modifications, enhancements, improvements and other changes to the services at any time or to discontinue the services without notice."
Onavo.xml,ltd,2,"in no event shall onavo be liable to anyone for any indirect, punitive, special, exemplary, incidental, consequential or other damages of any type or kind (including loss of data, revenue, profits, use or other economic advantage) arising out of, or in any way connected with the services, including but not limited to the use or inability to use the services, or for any content obtained from or through the services, any interruption, inaccuracy, error or omission, even if onavo has been previously advised of the possibility of such damages."
Onavo.xml,ltd,2,"insofar as the services utilize components or functions operated or managed by third parties, onavo will not be liable for any form of liability, including, but not limited to any direct or indirect damage, pecuniary or otherwise, arising from the use of, reliance on, or in connection with, such third parties’ components and functions."
Onavo.xml,ltd,2,"we will not be liable, directly or indirectly, for any damage or loss caused or alleged to be caused by or in connection with your use of or reliance on any such content, goods or services available on or through any third party websites, content or mobile application."
Onavo.xml,ch,2,onavo reserves the right to modify the terms and conditions of this agreement or its policies relating to the services at any time.
Onavo.xml,use,2,continued use of the services after any such changes shall constitute your consent to such changes.
Onavo.xml,law,2,"this agreement, as well as any dispute, claim or controversy (""claim"") that may arise between you and onavo, shall be exclusively governed by the laws of california, united states, without regard to the choice or conflicts of law provisions thereof."
Onavo.xml,a,2,"except for any claim relating to your or our intellectual property (such as trademarks, trade dress, domain names, trade secrets, copyrights and patents) (""excluded disputes""), you and onavo agree to resolve through final and binding arbitration any claim between you and onavo, including its affiliates, officers, directors, employees and agents and its affiliates’ officers, directors, employees and agents (whether or not such dispute also involves a third party), regarding any aspect of your relationship with us, including these terms, your use of any of onavo’s services, your rights of privacy and/or publicity, or any contacts you may have with us, directly or indirectly, for any reason (""dispute"")."
Onavo.xml,j,3,"if you opt out of the arbitration agreement, if the arbitration agreement is found by a court to be unenforceable, if your claim is an excluded dispute, or if you neither are a resident of nor have a principal place of business in the us or canada, you agree to resolve any claim you have with us arising out of or relating to these terms or onavo exclusively in a state or federal court located in san mateo county, california, united states and to submit to the personal jurisdiction of the courts located in san mateo county, california, united states for purpose of litigating all such claims."
TrueCaller.xml,use,2,"by accessing or using any of the services, you agree to be bound by these terms."
TrueCaller.xml,use,2,"where other third party services are made available as part of our services, then the respective third party terms of service and privacy policy shall apply to any such use by you."
TrueCaller.xml,ter,2,"notwithstanding any other remedies available to truecaller, you agree that truecaller may suspend or terminate your use of the services without notice if you use the services or the content in any prohibited manner, and that such use will be deemed a material breach of these terms."
TrueCaller.xml,ltd,2,any such unmoderated content will not be covered by constitutional protection under the swedish fundamental law on freedom of expression as per the paragraph above and truecaller will not be liable for the publication of such content.
TrueCaller.xml,ltd,2,you are solely liable for any content that you post or communicate directly in or on the services and you agree to only post or communicate content that:
TrueCaller.xml,cr,3,truecaller hereby reserves the right in its absolute discretion to remove any user generated content from the services.
TrueCaller.xml,ltd,2,"such third party content, websites and services may be subject to the respective third party terms and conditions and truecaller will not be liable for any such third party content, websites or services."
TrueCaller.xml,ltd,2,you understand and acknowledge that the services may be unavailable from time to time and that truecaller will not be liable for your inability to use the services for whatever reason.
TrueCaller.xml,ltd,2,"to the maximum extent permitted by applicable law, you expressly agree that truecaller shall in no event be liable for any direct, indirect, special, incidental, consequential or exemplary damages, including but not limited to damages for loss of profits, data and goodwill, arising out of the use or inability to use the services or the content, even if advised of the possibility of such damages."
TrueCaller.xml,ltd,2,"in particular, and without limitation, truecaller shall have no liability for any information stored or processed within the services, including the costs of recovering such information."
TrueCaller.xml,ltd,2,"truecaller shall not be liable for the validity, reliability or correctness of the content and information provided through and in connection with use of the services. any use of the content and information obtained through the use of the services shall be at your own discretion and risk."
TrueCaller.xml,ltd,1,"nothing in these terms shall limit or exclude our liability for any liability that mandatorily cannot be limited or excluded by law, including any rights you may have as a consumer under mandatory consumer law."
TrueCaller.xml,ch,2,we may change the truecaller fees from time to time by posting the changes in or on the services or by notifying you in advance.
TrueCaller.xml,ter,2,failure to pay these fees may result in suspension or termination of your service or subscription.
TrueCaller.xml,ter,3,truecaller may terminate the terms and your use of the services at any time with thirty (30) days’ advance notice.
TrueCaller.xml,ter,2,these terms will automatically terminate if you fail to comply with them.
TrueCaller.xml,ch,2,"truecaller may change the services at any time, such as by adding or removing features or discontinuing the services."
TrueCaller.xml,ch,2,truecaller also reserves the right to modify these terms at any time by providing revised terms to the user or by publishing the revised terms within the services.
TrueCaller.xml,use,2,any continued use by you of the services following publication or notification of revised terms shall constitute your acceptance to the revised terms.
TrueCaller.xml,law,2,"these terms shall be governed and construed in accordance with the laws of sweden, excluding its choice of law rules."
TrueCaller.xml,j,3,"all disputes arising out of or in connection with these terms shall be adjudicated exclusively in sweden, with the district court of stockholm as the court of first instance."
Rovio.xml,use,2,"by installing, using or accessing the rovio services or any materials included in or with the rovio services, you hereby accept the terms of this eula."
Rovio.xml,use,2,"by installing, accessing or using the rovio services, you consent to these information collection and usage terms, including (where applicable) the transfer of data into a country outside of the european union and/or the european economic area or the united states of america."
Rovio.xml,use,2,"by installing, accessing or using the rovio services you explicitly agree with the terms and conditions of rovio’s privacy policy and to any terms and conditions included therein by reference."
Rovio.xml,cr,2,"rovio may manage, regulate, control, modify or eliminate virtual goods at any time, with or without notice."
Rovio.xml,ch,2,"rovio may manage, regulate, control, modify or eliminate virtual goods at any time, with or without notice."
Rovio.xml,ltd,2,rovio shall have no liability to you or any third party in the event that rovio exercises any such rights.
Rovio.xml,ltd,2,"subject to mandatory legislation, you acknowledge that rovio is not required to provide a refund for virtual goods for any reason, and that you will not receive money or other compensation for unused virtual goods, whether your loss of license under this eula was voluntary or involuntary."
Rovio.xml,ltd,3,"in no event will rovio, rovio’s affiliates, rovio’s licensors or channel partners be liable for special, incidental or consequential damages resulting from possession, access, use or malfunction of the rovio services, including but not limited to, damages to property, loss of goodwill, computer failure or malfunction and, to the extent permitted by law, damages for personal injuries, property damage, lost profits or punitive damages from any causes of action arising out of or related to this eula or the software, whether arising in tort (including negligence), contract, strict liability or otherwise and whether or not rovio, rovio’s licensors or channel partners have been advised of the possibility of such damages."
Rovio.xml,ltd,2,"in no event shall rovio’s, rovio’s affiliates’, rovio’s licensors’ or channel partners’ liability for all damages (except as required by applicable law) exceed the actual price paid by you for use of the rovio services or five  euros (eur 5), whichever less."
Rovio.xml,ch,2,"rovio reserves the right, at its discretion, to change, modify, add or remove portions of this eula by posting the updated eula on rovio’s website."
Rovio.xml,use,2,you will be deemed to have accepted such changes by continuing to use the rovio services.
Rovio.xml,law,2,this eula will be governed by the laws of finland without reference to its choice of law rules.
Rovio.xml,j,1,"any dispute, controversy or claim arising out of or relating to this eula or the breach, termination or validity thereof shall be finally settled at rovio's discretion (i) at your domicile's competent courts; or (ii) by arbitration in accordance with the rules for expedited arbitration of the arbitration institute of the finland chamber of commerce. the arbitration shall be conducted in helsinki, finland, in the english language."
Rovio.xml,a,3,"any dispute, controversy or claim arising out of or relating to this eula or the breach, termination or validity thereof shall be finally settled at rovio's discretion (i) at your domicile's competent courts; or (ii) by arbitration in accordance with the rules for expedited arbitration of the arbitration institute of the finland chamber of commerce. the arbitration shall be conducted in helsinki, finland, in the english language."
Uber.xml,use,2,"your access and use of the services constitutes your agreement to be bound by these terms, which establishes a contractual relationship between you and uber."
Uber.xml,ter,3,"uber may immediately terminate these terms or any services with respect to you, or generally cease offering or deny access to the services or any portion thereof, at any time for any reason."
Uber.xml,ch,2,uber may amend the terms related to the services from time to time.
Uber.xml,use,2,"your continued access or use of the services after such posting constitutes your consent to be bound by the terms, as amended."
Uber.xml,ltd,2,uber does not endorse such third party services and content and in no event shall uber be responsible or liable for any products or services of such third party providers.
Uber.xml,cr,3,"uber may, but shall not be obligated to, review, monitor, or remove user content, at uber’s sole discretion and at any time and for any reason, without notice to you."
Uber.xml,ch,3,"as between you and uber, uber reserves the right to establish, remove and/or revise charges for any or all services or goods obtained through the use of the services at any time in uber's sole discretion."
Uber.xml,ltd,2,"uber shall not be liable for indirect, incidental, special, exemplary, punitive or consequential damages, including lost profits, lost data, personal injury or property damage related to, in connection with, or otherwise resulting from any use of the services, even if uber has been advised of the possibility of such damages."
Uber.xml,ltd,2,"uber shall not be liable for any damages, liability or losses arising out of: (i) your use of or reliance on the services or your inability to access or use the services; or (ii) any transaction or relationship between you and any third party provider, even if uber has been advised of the possibility of such damages."
Uber.xml,ltd,2,uber shall not be liable for delay or failure in performance resulting from causes beyond uber’s reasonable control.
Uber.xml,ltd,2,"in no event shall uber’s total liability to you in connection with the services for all damages, losses and causes of action exceed five hundred euros (€500)."
Uber.xml,ltd,2,"uber’s services may be used by you to request and schedule transportation, goods or logistics services with third party providers, but you agree that uber has no responsibility or liability to you related to any transportation, goods or logistics services provided to you by third party providers other than as expressly set forth in these terms."
Uber.xml,law,2,"except as otherwise set forth in these terms, these terms shall be exclusively governed by and construed in accordance with the laws of the netherlands, excluding its rules on conflicts of laws."
Uber.xml,a,2,"any dispute, conflict, claim or controversy arising out of or broadly in connection with or relating to the services or these terms, including those relating to its validity, its construction or its enforceability (any “dispute”) shall be first mandatorily submitted to mediation proceedings under the international chamber of commerce mediation rules (“icc mediation rules”)."
Yahoo.xml,ch,2,"yahoo provides the yahoo services (defined below) to you subject to the following terms of service (""tos""), which may be updated by us from time to time without notice to you."
Yahoo.xml,use,2,"by accessing and using the yahoo services, you accept and agree to be bound by the terms and provision of the tos."
Yahoo.xml,ch,2,"in addition, when using particular yahoo owned or operated services, you and yahoo shall be subject to any posted guidelines or rules applicable to such services, which may be posted and modified from time to time."
Yahoo.xml,use,2,"in addition, when using particular yahoo owned or operated services, you and yahoo shall be subject to any posted guidelines or rules applicable to such services, which may be posted and modified from time to time."
Yahoo.xml,use,2,"you understand that through your use of the yahoo services you consent to the collection and use (as set forth in the applicable privacy policy) of this information, including the transfer of this information to the united states and/or other countries for storage, processing and use by yahoo and its affiliates."
Yahoo.xml,ltd,2,"under no circumstances will yahoo be liable in any way for any content, including, but not limited to, any errors or omissions in any content, or any loss or damage of any kind incurred as a result of the use of any content posted, emailed, transmitted or otherwise made available via the yahoo services."
Yahoo.xml,cr,2,"you acknowledge that yahoo may or may not pre-screen content, but that yahoo and its designees shall have the right (but not the obligation) in their sole discretion to pre-screen, refuse, or remove any content that is available via the yahoo services."
Yahoo.xml,cr,2,"without limiting the foregoing, yahoo and its designees shall have the right to remove any content that violates the tos or is otherwise objectionable."
Yahoo.xml,ltd,2,you agree that yahoo has no responsibility or liability for the deletion or failure to store any messages and other communications or other content maintained or transmitted by the yahoo services.
Yahoo.xml,ter,2,you acknowledge that yahoo reserves the right to log off accounts that are inactive for an extended period of time.
Yahoo.xml,ch,2,you further acknowledge that yahoo reserves the right to modify these general practices and limits from time to time.
Yahoo.xml,ter,3,"yahoo reserves the right at any time and from time to time to modify or discontinue, temporarily or permanently, the yahoo services (or any part thereof) with or without notice."
Yahoo.xml,ch,2,"yahoo reserves the right at any time and from time to time to modify or discontinue, temporarily or permanently, the yahoo services (or any part thereof) with or without notice."
Yahoo.xml,ltd,2,"you agree that yahoo shall not be liable to you or to any third party for any modification, suspension or discontinuance of the yahoo services (or any part thereof)."
Yahoo.xml,ter,3,"you agree that yahoo may, without prior notice, immediately terminate, limit your access to or suspend your yahoo account, any associated email address, and access to the yahoo services."
Yahoo.xml,ter,2,"cause for such termination, limitation of access or suspension shall include, but not be limited to, (a) breaches or violations of the tos or other incorporated agreements or guidelines, (b)requests by law enforcement or other government agencies, (c) discontinuance or material modification to the yahoo services (or any part thereof), (d) unexpected technical or security issues or problems, (e) extended periods of inactivity, (f) engagement by you in fraudulent or illegal activities, and/or (g) nonpayment of any fees owed by you in connection with the yahoo services."
Yahoo.xml,ltd,2,"further, you agree that all terminations, limitations of access and suspensions for cause shall be made in yahoo's sole discretion and that yahoo shall not be liable to you or any third party for any termination of your account, any associated email address, or access to the yahoo services."
Yahoo.xml,ter,3,"further, you agree that all terminations, limitations of access and suspensions for cause shall be made in yahoo's sole discretion and that yahoo shall not be liable to you or any third party for any termination of your account, any associated email address, or access to the yahoo services."
Yahoo.xml,cr,2,"termination of your yahoo account includes any or all of the following: (a) removal of access to all or part of the offerings within the yahoo services, (b) deletion of your password and all related information, files and content associated with or inside your account (or any part thereof), and (c) barring of further use of all or part of the yahoo services."
Yahoo.xml,ltd,2,"you further acknowledge and agree that yahoo shall not be responsible or liable, directly or indirectly, for any damage or loss caused or alleged to be caused by or in connection with use of or reliance on any such content, goods or services available on or through any such site or resource."
Yahoo.xml,ltd,2,"you expressly understand and agree that yahoo and its subsidiaries, affiliates, officers, employees, agents, partners and licensors shall not be liable to you for any punitive, indirect, incidental, special, consequential or exemplary damages, including, but not limited to, damages for loss of profits, goodwill, use, data or other intangible losses (even if yahoo has been advised of the possibility of such damages), resulting from: (a) the use or the inability to use the yahoo service; (b) the cost of procurement of substitute goods and services; (c) unauthorized access to or alteration of your transmissions or data; (d) statements or conduct of any third party on the yahoo service; or (e) any other matter relating to the yahoo service."
Yahoo.xml,ter,2,"yahoo may, in appropriate circumstances and at its discretion, disable and/or terminate the accounts of users who may be repeat infringers."
Yahoo.xml,j,3,"you and yahoo each agree that the tos and the relationship between the parties shall be governed by the laws of the state of california without regard to its conflict of law provisions and that any and all claims, causes of action or disputes (regardless of theory) arising out of or relating to the tos, or the relationship between you and yahoo, shall be brought exclusively in the courts located in the county of santa clara, california or the u.s. district court for the northern district of california."
Yahoo.xml,law,2,"you and yahoo each agree that the tos and the relationship between the parties shall be governed by the laws of the state of california without regard to its conflict of law provisions and that any and all claims, causes of action or disputes (regardless of theory) arising out of or relating to the tos, or the relationship between you and yahoo, shall be brought exclusively in the courts located in the county of santa clara, california or the u.s. district court for the northern district of california."
Yahoo.xml,j,3,"you and yahoo agree to submit to the personal jurisdiction of the courts located within the county of santa clara, california or the northern district of california, and agree to waive any and all objections to the exercise of jurisdiction over the parties by such courts and to venue in such courts."
Academia.xml,a,2,"unless you opt out of arbitration within 30 days of the date you first agree to these terms by following the opt-out procedure specified in the “arbitration” section below, and except for certain types of disputes described in the “arbitration “section below, you agree that disputes between you and academia.edu will be resolved by binding, individual arbitration and you are waiving your right to a trial by jury or to participate as a plaintiff or class member in any purported class action or representative proceeding."
Academia.xml,use,2,"you acknowledge and agree that, by accessing or using the site or services or by downloading or posting any content from or on the site or through the services, you are indicating that you have read, and that you understand and agree to be bound by, these terms, whether or not you have registered on or through the site."
Academia.xml,ch,2,"academia.edu reserves the right, at its sole discretion, to modify the site, services and these terms, at any time and without prior notice."
Academia.xml,use,2,"by continuing to access or use the site or services after we have posted a modification on the site or have provided you with notice of a modification, you are indicating that you agree to be bound by the modified terms."
Academia.xml,ter,2,"academia.edu reserves the right to suspend or terminate your account if any information provided during the registration process or thereafter proves to be inaccurate, not current or incomplete."
Academia.xml,ter,3,"we reserve the right to modify or terminate free trials at any time, without notice and in our sole discretion."
Academia.xml,ter,3,"if we believe, in our sole discretion, that any member of academia.edu or academia premium or other academia.edu paid services is in breach of our terms, or act outside of the letter or spirit of our terms, we reserve the right to add limitations to your access to www.academia.edu, up to and including terminating all access to www.academia.edu."
Academia.xml,ch,2,"if we believe, in our sole discretion, that any member of academia.edu or academia premium or other academia.edu paid services is in breach of our terms, or act outside of the letter or spirit of our terms, we reserve the right to add limitations to your access to www.academia.edu, up to and including terminating all access to www.academia.edu."
Academia.xml,cr,3,"academia.edu reserves the right, at any time and without prior notice, to remove or disable access to any collective content, including, but not limited to, collective content that academia.edu, at its sole discretion, considers to be in violation of these terms or otherwise harmful to the site or services."
Academia.xml,ter,3,"academia.edu reserves the right, at any time and without prior notice, to remove or disable access to any collective content, including, but not limited to, collective content that academia.edu, at its sole discretion, considers to be in violation of these terms or otherwise harmful to the site or services."
Academia.xml,cr,3,"it is academia.edu’s policy to terminate, in appropriate circumstances, members or other account holders who repeatedly infringe or are believed to be repeatedly infringing the rights of copyright holders."
Academia.xml,ter,2,"it is academia.edu’s policy to terminate, in appropriate circumstances, members or other account holders who repeatedly infringe or are believed to be repeatedly infringing the rights of copyright holders."
Academia.xml,cr,3,"academia.edu reserves the right, at its sole discretion, to discontinue or terminate the site and services and to terminate these terms, at any time and without prior notice."
Academia.xml,ter,3,"academia.edu reserves the right, at its sole discretion, to discontinue or terminate the site and services and to terminate these terms, at any time and without prior notice."
Academia.xml,cr,3,"if you breach any of these terms, academia.edu will have the right to suspend or disable your account or terminate these terms, at its sole discretion and without prior notice to you."
Academia.xml,ter,3,"if you breach any of these terms, academia.edu will have the right to suspend or disable your account or terminate these terms, at its sole discretion and without prior notice to you."
Academia.xml,cr,3,"academia.edu reserves the right to revoke your access to and use of the site, services and collective content at any time, with or without cause."
Academia.xml,ter,3,"academia.edu reserves the right to revoke your access to and use of the site, services and collective content at any time, with or without cause."
Academia.xml,cr,3,"neither academia.edu nor any other person or entity involved in creating, producing, or delivering the site, services or collective content will be liable for any incidental, special, exemplary or consequential damages, or lost profits, loss of data or loss of goodwill, service interruption, computer damage or system failure or the cost of substitute products or services, or for any damages for personal or bodily injury or emotional distress arising out of or in connection with these terms or from the use of or inability to use the site, services or collective content, or from any communications, interactions or meetings with other users of the site or services or other persons with whom you communicate or interact as a result of your use of the site or services, whether based on warranty, contract, tort (including negligence), product liability or any other legal theory, whether or not academia.edu has been informed of the possibility of such damage, and whether or not foreseeable, even if a limited remedy set forth herein is found to have failed of its essential purpose."
Academia.xml,ltd,3,"neither academia.edu nor any other person or entity involved in creating, producing, or delivering the site, services or collective content will be liable for any incidental, special, exemplary or consequential damages, or lost profits, loss of data or loss of goodwill, service interruption, computer damage or system failure or the cost of substitute products or services, or for any damages for personal or bodily injury or emotional distress arising out of or in connection with these terms or from the use of or inability to use the site, services or collective content, or from any communications, interactions or meetings with other users of the site or services or other persons with whom you communicate or interact as a result of your use of the site or services, whether based on warranty, contract, tort (including negligence), product liability or any other legal theory, whether or not academia.edu has been informed of the possibility of such damage, and whether or not foreseeable, even if a limited remedy set forth herein is found to have failed of its essential purpose."
Academia.xml,cr,3,"in no event will academia.edu’s aggregate liability arising out of or in connection with these terms or from the use of or inability to use the site, services or collective content exceed the greater of fifty dollars ($50) and subscription fees paid by you during the 12 month period before the act giving rise to the liability."
Academia.xml,ltd,2,"in no event will academia.edu’s aggregate liability arising out of or in connection with these terms or from the use of or inability to use the site, services or collective content exceed the greater of fifty dollars ($50) and subscription fees paid by you during the 12 month period before the act giving rise to the liability."
Academia.xml,cr,3,these terms and any action related thereto will be governed by the laws of the state of california without regard to its conflict of laws provisions.
Academia.xml,law,2,these terms and any action related thereto will be governed by the laws of the state of california without regard to its conflict of laws provisions.
Academia.xml,cr,3,"you and academia.edu agree that any dispute, claim or controversy arising out of or relating to these terms or the breach, termination, enforcement, interpretation or validity thereof or the use of the site or services (collectively, “disputes”) will be settled by binding arbitration, except that each party retains the right: (i) to bring an individual action in small claims court and (ii) to seek injunctive or other equitable relief in a court of competent jurisdiction to prevent the actual or threatened infringement, misappropriation or violation of a party’s copyrights, trademarks, trade secrets, patents or other intellectual property rights (the action described in the foregoing clause (ii), an “ip protection action”)."
Academia.xml,a,2,"you and academia.edu agree that any dispute, claim or controversy arising out of or relating to these terms or the breach, termination, enforcement, interpretation or validity thereof or the use of the site or services (collectively, “disputes”) will be settled by binding arbitration, except that each party retains the right: (i) to bring an individual action in small claims court and (ii) to seek injunctive or other equitable relief in a court of competent jurisdiction to prevent the actual or threatened infringement, misappropriation or violation of a party’s copyrights, trademarks, trade secrets, patents or other intellectual property rights (the action described in the foregoing clause (ii), an “ip protection action”)."
Academia.xml,cr,3,"the exclusive jurisdiction and venue of any ip protection action or, if you timely provide academia.edu with an arbitration opt-out notice, any dispute other than an individual action brought in small claims court, will be the state and federal courts located in the northern district of california and each of the parties hereto waives any objection to jurisdiction and venue in such courts."
Academia.xml,j,3,"the exclusive jurisdiction and venue of any ip protection action or, if you timely provide academia.edu with an arbitration opt-out notice, any dispute other than an individual action brought in small claims court, will be the state and federal courts located in the northern district of california and each of the parties hereto waives any objection to jurisdiction and venue in such courts."
Academia.xml,cr,3,"Unless you timely provide CIR with an Arbitration Opt-out Notice, you acknowledge and agree that you and Academia.edu are each waiving the right to a trial by jury or to participate as a plaintiff or class member in any purported class action or representative proceeding. Further, unless both you and Academia.edu otherwise agree in writing, the arbitrator may not consolidate more than one person's claims, and may not otherwise preside over any form of any class or representative proceeding. If this specific paragraph is held unenforceable, then the entirety of this “Dispute Resolution” section will be deemed void. Except as provided in the preceding sentence, this “Dispute Resolution” section will survive any termination of these Terms.
Arbitration Rules and Governing Law. The arbitration will be administered by the American Arbitration Association (“AAA”) in accordance with the Commercial Arbitration Rules and the Supplementary Procedures for Consumer Related Disputes (the “AAA Rules”) then in effect, except as modified by this “Dispute Resolution” section. (The AAA Rules are available at www.adr.org/arb_med or by calling the AAA at 1-800-778-7879.) The Federal Arbitration Act will govern the interpretation and enforcement of this Section.
Arbitration Process. A party who desires to initiate arbitration must provide the other party with a written Demand for Arbitration as specified in the AAA Rules. (The AAA provides a form Demand for Arbitration at http://www.adr.org/aaa/ShowPDF?doc=ADRSTG_004175 and a separate form for California residents at http://www.adr.org/aaa/ShowPDF?doc=ADRSTG_015822.) The arbitrator will be either a retired judge or an attorney licensed to practice law and will be selected by the parties from the AAA’s roster of arbitrators. If the parties are unable to agree upon an arbitrator within seven (7) days of delivery of the Demand for Arbitration, then the AAA will appoint the arbitrator in accordance with the AAA Rules.
Arbitration Location and Procedure. Unless you and Academia.edu otherwise agree, the arbitration will be conducted in the county where you reside. If your claim does not exceed $10,000, then the arbitration will be conducted solely on the basis of the documents that you and Academia.edu submit to the arbitrator, unless you request a hearing or the arbitrator determines that a hearing is necessary. If your claim exceeds $10,000, your right to a hearing will be determined by the AAA Rules. Subject to the AAA Rules, the arbitrator will have the discretion to direct a reasonable exchange of information by the parties, consistent with the expedited nature of the arbitration.
Arbitrator’s Decision. The arbitrator will render an award within the time frame specified in the AAA Rules. The arbitrator’s decision will include the essential findings and conclusions upon which the arbitrator based the award. Judgment on the arbitration award may be entered in any court having jurisdiction thereof. The arbitrator’s award damages must be consistent with the terms of the “Limitation of Liability” section above as to the types and the amounts of damages for which a party may be held liable. The arbitrator may award declaratory or injunctive relief only in favor of the claimant and only to the extent necessary to provide relief warranted by the claimant’s individual claim. If you prevail in arbitration you will be entitled to an award of attorneys’ fees and expenses, to the extent provided under applicable law. Academia.edu will not seek, and hereby waives all rights it may have under applicable law to recover, attorneys’ fees and expenses if it prevails in arbitration.
Fees. Your responsibility to pay any AAA filing, administrative and arbitrator fees will be solely as set forth in the AAA Rules. However, if your claim for damages does not exceed $75,000, Academia.edu will pay all such fees unless the arbitrator finds that either the substance of your claim or the relief sought in your Demand for Arbitration was frivolous or was brought for an improper purpose (as measured by the standards set forth in Federal Rule of Civil Procedure 11(b)).
Changes. Notwithstanding the provisions of the “Modification” section above, if Academia.edu changes this “Dispute Resolution” section after the date you first accepted these Terms (or accepted any subsequent changes to these Terms), you may reject any such change by sending us written notice (including by email to feedback@academia.edu) within 30 days of the date such change became effective, as indicated in the “Last Updated Date” above or in the date of Academia.edu’s email to you notifying you of such change. By rejecting any change, you are agreeing that you will arbitrate any Dispute between you and Academia.edu in accordance with the provisions of this “Dispute Resolution” section as of the date you first accepted these Terms (or accepted any subsequent changes to these Terms).


General
The failure of Academia.edu to enforce any right or provision of these Terms will not constitute a waiver of future enforcement of that right or provision. The waiver of any such right or provision will be effective only if in writing and signed by a duly authorized representative of Academia.edu. Except as expressly set forth in these Terms, the exercise by either party of any of its remedies under these Terms will be without prejudice to its other remedies under these Terms or otherwise. If for any reason a court of competent jurisdiction finds any provision of these Terms invalid or unenforceable, that provision will be enforced to the maximum extent permissible and the other provisions of these Terms will remain in full force and effect.


Contacting Academia.edu
If you have any questions about these Terms, please contact Academia.edu at feedback@academia.edu."
WorldOfWarcraft.xml,cr,2,"blizzard entertainment does not recognize the transfer of accounts, and any unauthorized transfer of the world of warcraft software will result in the permanent deletion of the account attached to that software."
WorldOfWarcraft.xml,ter,2,"you may not offer any account for sale or trade, and any such offer: (1) is a violation of this agreement; (2) may result in suspension or termination of the account at blizzard entertainment's sole and absolute discretion; and (3) will not be opposable to blizzard entertainment."
WorldOfWarcraft.xml,ltd,2,"unless otherwise stated herein, there are no refunds where the account is terminated prior to the end of a subscription period; the service will be available for your use until such time that the then-current subscription period expires."
WorldOfWarcraft.xml,ch,2,blizzard entertainment reserves the right to modify these rules of conduct at any time pursuant to article xii of the terms of use.
WorldOfWarcraft.xml,cr,2,"if blizzard entertainment finds such a label to be offensive or improper, it may, in its sole and absolute discretion, change the name, remove the label and corresponding chat room, and/or suspend or terminate your use of world of warcraft."
WorldOfWarcraft.xml,ter,2,"if blizzard entertainment finds such a label to be offensive or improper, it may, in its sole and absolute discretion, change the name, remove the label and corresponding chat room, and/or suspend or terminate your use of world of warcraft."
WorldOfWarcraft.xml,cr,2,"your written communication may be subject to review, modification, and/or deletion by blizzard entertainment without notice to you."
WorldOfWarcraft.xml,ter,2,"violation of any of the rules of conduct set forth above may result in actions being taken by blizzard entertainment, effective immediately or at a time determined by blizzard entertainment, which may include without limitation: temporarily suspending your access to world of warcraft, permanently terminating your access to world of warcraft (see article xv, section 2 below), modify a character or an account, including without limitation, reducing or removing experience points, skills, levels, in-game currency or items; or temporarily or permanently suspend, or terminate, your access to an account that you use to access the service."
WorldOfWarcraft.xml,cr,2,"violation of any of the rules of conduct set forth above may result in actions being taken by blizzard entertainment, effective immediately or at a time determined by blizzard entertainment, which may include without limitation: temporarily suspending your access to world of warcraft, permanently terminating your access to world of warcraft (see article xv, section 2 below), modify a character or an account, including without limitation, reducing or removing experience points, skills, levels, in-game currency or items; or temporarily or permanently suspend, or terminate, your access to an account that you use to access the service."
WorldOfWarcraft.xml,ter,2,"without limiting the foregoing, blizzard entertainment retains the right to decline service to any user who violates the bnet tou, the terms of use and/or the eula."
WorldOfWarcraft.xml,ter,2,"without limiting the foregoing, blizzard entertainment retains the right to decline service to any user who violates the bnet tou, the terms of use and/or the eula."
WorldOfWarcraft.xml,ter,2,"note that it is your responsibility to be aware of such notices, and you hereby acknowledge and agree that blizzard entertainment shall not be responsible for any damages which may arise from your failure to read and/or be aware of these publicly posted notices."
WorldOfWarcraft.xml,ltd,2,"note that it is your responsibility to be aware of such notices, and you hereby acknowledge and agree that blizzard entertainment shall not be responsible for any damages which may arise from your failure to read and/or be aware of these publicly posted notices."
WorldOfWarcraft.xml,ter,2,"blizzard entertainment may, from time to time, change or modify these terms of use."
WorldOfWarcraft.xml,ch,2,"blizzard entertainment may, from time to time, change or modify these terms of use."
WorldOfWarcraft.xml,ter,2,"if you do not object to the amended terms of use within one (1) month following the special notice, your continued use of world of warcraft will mean that you accept the amended terms of use."
WorldOfWarcraft.xml,use,2,"if you do not object to the amended terms of use within one (1) month following the special notice, your continued use of world of warcraft will mean that you accept the amended terms of use."
WorldOfWarcraft.xml,ter,2,"blizzard entertainment reserves the right to terminate this agreement as follows: if you fail to comply with any terms contained in this agreement, blizzard entertainment will provide you with a warning of your non-compliance."
WorldOfWarcraft.xml,ter,2,"blizzard entertainment reserves the right to terminate this agreement as follows: if you fail to comply with any terms contained in this agreement, blizzard entertainment will provide you with a warning of your non-compliance."
WorldOfWarcraft.xml,ter,2,"in case of a serious violation of this agreement, blizzard entertainment will be entitled to immediately terminate this agreement without any prior warning."
WorldOfWarcraft.xml,ter,2,"in case of a serious violation of this agreement, blizzard entertainment will be entitled to immediately terminate this agreement without any prior warning."
WorldOfWarcraft.xml,ter,2,"also, note that in the event that blizzard entertainment terminates this agreement for breach of these terms of use, any right to any and all payments you may have made for pre-purchased game access to world of warcraft are forfeit, and you agree and acknowledge that you are not entitled to any refund for any amounts which were pre-paid on your account prior to any termination of this agreement."
WorldOfWarcraft.xml,ltd,2,"also, note that in the event that blizzard entertainment terminates this agreement for breach of these terms of use, any right to any and all payments you may have made for pre-purchased game access to world of warcraft are forfeit, and you agree and acknowledge that you are not entitled to any refund for any amounts which were pre-paid on your account prior to any termination of this agreement."
WorldOfWarcraft.xml,ter,2,"blizzard entertainment shall not be held liable for any delay or failure to perform under any circumstances resulting from causes outside the reasonable control of blizzard entertainment; including without limitation any failure to perform hereunder due to unforeseen circumstances or cause beyond blizzard entertainment's control such as acts of god, war, terrorism, riots, embargoes, acts of civil or military authorities, fire, floods, accidents, strikes, or shortages of transportation facilities, fuel, energy, labor or materials."
WorldOfWarcraft.xml,ltd,1,"blizzard entertainment shall not be held liable for any delay or failure to perform under any circumstances resulting from causes outside the reasonable control of blizzard entertainment; including without limitation any failure to perform hereunder due to unforeseen circumstances or cause beyond blizzard entertainment's control such as acts of god, war, terrorism, riots, embargoes, acts of civil or military authorities, fire, floods, accidents, strikes, or shortages of transportation facilities, fuel, energy, labor or materials."
WorldOfWarcraft.xml,ter,2,"if and as far as necessary to operate the service in accordance with the terms contained herein, in particular to keep a balanced and enjoyable gaming experience for all players blizzard entertainment reserves the right to modify or delete game data."
WorldOfWarcraft.xml,ch,2,"if and as far as necessary to operate the service in accordance with the terms contained herein, in particular to keep a balanced and enjoyable gaming experience for all players blizzard entertainment reserves the right to modify or delete game data."
WorldOfWarcraft.xml,ter,2,"blizzard entertainment is liable in accordance with statutory law (i) in case of intentional breach, (ii) in case of gross negligence, (iii) for damages arising as result of any injury to life, limb or health or (iv) under any applicable product liability act."
WorldOfWarcraft.xml,ltd,1,"blizzard entertainment is liable in accordance with statutory law (i) in case of intentional breach, (ii) in case of gross negligence, (iii) for damages arising as result of any injury to life, limb or health or (iv) under any applicable product liability act."
WorldOfWarcraft.xml,ter,2,"without limiting the liability under article xvii.1. above, blizzard entertainment is only liable for slight negligence in case of a breach of a material contractual obligation."
WorldOfWarcraft.xml,ltd,2,"without limiting the liability under article xvii.1. above, blizzard entertainment is only liable for slight negligence in case of a breach of a material contractual obligation."
WorldOfWarcraft.xml,ter,2,this agreement shall be governed by and construed in accordance with the laws applicable in your country of residence.
WorldOfWarcraft.xml,law,1,this agreement shall be governed by and construed in accordance with the laws applicable in your country of residence.
WorldOfWarcraft.xml,ter,2,i hereby agree that my use of the world of warcraft service is an acknowledgment of my agreement to be bound by the terms and conditions of this agreement.
WorldOfWarcraft.xml,use,2,i hereby agree that my use of the world of warcraft service is an acknowledgment of my agreement to be bound by the terms and conditions of this agreement.
WorldOfWarcraft.xml,ter,2,"© 2012 Blizzard Entertainment, Inc. All rights reserved. World of Warcraft, Warcraft and Blizzard Entertainment are trademarks or registered trademarks, of Blizzard Entertainment, Inc., in the U.S. and/or other countries. All rights are reserved."
YouTube.xml,ch,2,"youtube reserves the right to make changes the terms from time to time, for example to address changes to the law or regulatory changes or changes to functionality offered through the service."
YouTube.xml,ch,2,therefore you must look at the terms regularly to check for such changes.
YouTube.xml,use,2,your continued use of the service after the date the modified terms are posted will constitute your acceptance of the modified terms.
YouTube.xml,ch,2,you acknowledge and agree that the form and nature of the service which youtube provides may change from time to time without prior notice to you.
YouTube.xml,ter,3,"as part of this continuing innovation, you acknowledge and agree that youtube may stop (permanently or temporarily) providing the service (or any features within the service) to you or to users generally at youtube's sole discretion, without prior notice to you."
YouTube.xml,ltd,2,you agree that you are solely responsible for (and that youtube has no responsibility to you or to any third party for) any breach of your obligations under the terms and for the consequences (including any loss or damage which youtube may suffer) of any such breach.
YouTube.xml,ter,2,"as part of youtube's copyright policy, youtube will terminate user access to the /service if a user has been determined to be a repeat infringer."
YouTube.xml,ter,2,"on becoming aware of any potential violation of these terms, youtube reserves the right (but shall have no obligation) to decide whether content complies with the content requirements set out in these terms and may remove such content and/or terminate a user's access for uploading content which is in violation of these terms at any time, without prior notice and at its sole discretion."
YouTube.xml,cr,2,"on becoming aware of any potential violation of these terms, youtube reserves the right (but shall have no obligation) to decide whether content complies with the content requirements set out in these terms and may remove such content and/or terminate a user's access for uploading content which is in violation of these terms at any time, without prior notice and at its sole discretion."
YouTube.xml,ter,2,"youtube may at any time terminate its legal agreement with you if: a.you have breached any provision of the terms (or have acted in manner which clearly shows that you do not intend to, or are unable to comply with the provisions of the terms); or b.	youtube is required to do so by law (for example, where the provision of the service to you is, or becomes, unlawful)"
YouTube.xml,ter,2,"youtube may terminate its legal agreement with you if: youtube is transitioning to no longer providing the service to users in the country in which you are resident or from which you use the service; or the provision of the service to you by youtube is, in youtube's opinion, no longer commercially viable and in the case of each of a and b of this clause 11.4 shall, where possible, give reasonable notice of such termination."
YouTube.xml,ltd,2,subject to the overall provision in paragraph 13.1 above youtube shall not be liable to you for: a. any indirect or consequential losses which may be incurred by you.
YouTube.xml,ltd,2,"this shall include; (i) any loss of profit (whether incurred directly or indirectly); (ii) any loss of goodwill or business reputation; (iii) any loss of opportunity; or (iv) any loss of data suffered by you; b.any loss or damage which may be incurred by you as a result of: i.any reliance placed by you on the completeness, accuracy or existence of any advertising, or as a result of any relationship or transaction between you and any advertiser or sponsor whose advertising appears on the service; ii.	any changes which youtube may make to the service, or for any permanent or temporary cessation in the provision of the service (or any features within the service); iii. the deletion of, corruption of, or failure to store, any content and other communications data maintained or transmitted by or through your use of the service; iv. your failure to provide youtube with accurate account information; v. your failure to keep your password or youtube account details secure and confidential."
YouTube.xml,ltd,2,the limitations on youtube's liability to you in paragraph 13.2 above shall apply whether or not youtube has been advised of or should have been aware of the possibility of any such losses arising.
YouTube.xml,law,2,"the terms, and your relationship with youtube under the terms, shall be governed by english law."
YouTube.xml,j,3,"you and youtube agree to submit to the exclusive jurisdiction of the courts of england to resolve any legal matter arising from the terms. notwithstanding this, you agree that youtube shall still be allowed to apply for injunctive remedies (or other equivalent types of urgent legal remedy) in any jurisdiction."
LindenLab.xml,use,2,"by using the service (as defined below), you agree to and accept these terms, including important dispute resolution procedures and all policies and terms linked to or otherwise referenced herein, all of which are incorporated into this agreement."
LindenLab.xml,cr,3,"linden lab has the right to change, limit access to, and/or eliminate any aspect(s), feature(s) or functionality of the service (including your user content) as it sees fit at any time without notice, and linden lab makes no commitment, express or implied, to maintain or continue, or to permit open access to, any aspect of the service."
LindenLab.xml,ter,3,"linden lab has the right to change, limit access to, and/or eliminate any aspect(s), feature(s) or functionality of the service (including your user content) as it sees fit at any time without notice, and linden lab makes no commitment, express or implied, to maintain or continue, or to permit open access to, any aspect of the service."
LindenLab.xml,cr,3,"linden lab may, but will not have the obligation to, display, maintain, or otherwise make use of, any of your user content, and linden lab may, in its sole discretion, modify, delete, or otherwise make use of user content without notice or any liability to you or any third party."
LindenLab.xml,cr,2,"linden lab reserves the right to treat user content on the service as content stored at the direction of users for which linden lab will not exercise control except to block or remove content that comes to linden lab's attention and is offensive, obscene, abusive, illegal or otherwise objectionable to linden lab, or to enforce the rights of third parties or the content restrictions set forth below (in sections 2 and 7), when notice of their violation comes to linden lab's attention."
LindenLab.xml,ltd,2,"the service is subject to scheduled and unscheduled service interruptions and loss of server data, which you do not own and for which you will not hold us liable."
LindenLab.xml,ltd,2,"you agree that linden lab will not be liable for any interruption of the service (whether intentional or not), and you understand that except as may otherwise be specifically provided in linden lab's billing policies, posted on applicable areas of the service and/or website(s), you will not be entitled to any refunds of fees or other compensation for interruption of service."
LindenLab.xml,ltd,2,"likewise, you agree that in the event of data loss, we will not be liable for any purported damage or harm arising therefrom."
LindenLab.xml,ltd,2,"linden lab owns the bits and bytes of electronic data stored on its servers, and accordingly will not be liable for any deletion, corruption or data loss that occurs in connection with the service."
LindenLab.xml,cr,2,"linden lab reserves the right to delete or change any account name that violates this paragraph, and will have no liability regarding the use, modification, or deletion of any account name."
LindenLab.xml,ltd,2,"linden lab reserves the right to delete or change any account name that violates this paragraph, and will have no liability regarding the use, modification, or deletion of any account name."
LindenLab.xml,ter,2,"in the event that fraud, illegality or other conduct that violates this agreement is discovered or reported (whether by you or someone else) that is connected with your account, we may terminate your account (or accounts) as described in section 5."
LindenLab.xml,ter,2,"in the event that you are unable to provide the registration data, linden lab reserves the right to suspend your account(s)."
LindenLab.xml,ltd,2,we will not be liable for any loss or damage (of any kind and under any legal theory) to you or any third party arising from your inability or failure for any reason to comply with any of the foregoing obligations.
LindenLab.xml,ch,2,"linden lab reserves the right, upon reasonable notice, to (directly or through an applicable payment service provider): (i) charge for access to some or all of the service, charge for access to premium functionality or content on some or all of the website, require a free or paid subscription (""usage subscription""), or account registration to access some or all of the service; (ii) change terms and conditions for the service or portions thereof; and (iii) restrict access to the service or portions thereof, in whole or in part, based on any lawful eligibility requirements linden lab may elect to impose (e.g. geographic or demographic limitations)."
LindenLab.xml,ltd,2,"likewise, except as set forth above, in any additional terms, or as required by applicable law, linden lab is not responsible for repairing, replacing or restoring access to your usage subscription, or virtual goods and services (including any virtual space or other virtual tender associated with each product, as further described in an applicable product policy), or providing you with any credit or refund or any other sum, in the event of: (a) linden lab's change, suspension or termination of any usage subscription or virtual goods and services (including any virtual space or other virtual tender associated with each product, as further described in an applicable product policy); or (b) for loss or damage due to website or server error, or any other reason."
LindenLab.xml,ter,3,linden lab further reserves the right to terminate usage subscriptions and/or virtual goods and services for cause immediately at its sole discretion without advance notice or liability.
LindenLab.xml,ltd,2,linden lab further reserves the right to terminate usage subscriptions and/or virtual goods and services for cause immediately at its sole discretion without advance notice or liability.
LindenLab.xml,cr,3,linden lab further reserves the right to terminate usage subscriptions and/or virtual goods and services for cause immediately at its sole discretion without advance notice or liability.
LindenLab.xml,ltd,2,you or we may terminate your account(s) at any time.
LindenLab.xml,ter,3,you or we may terminate your account(s) at any time.
LindenLab.xml,ltd,2,linden lab may suspend or terminate your account at any time for any reason.
LindenLab.xml,ter,3,linden lab may suspend or terminate your account at any time for any reason.
LindenLab.xml,ltd,2,"in such event, linden lab shall have no further obligation or liability to you under this agreement or otherwise, and you shall be entitled to no compensation or other payment, remedy, recourse or refund."
LindenLab.xml,ltd,2,"in such event, linden lab shall have no further obligation or liability to you under this agreement or otherwise, and you shall be entitled to no compensation or other payment, remedy, recourse or refund."
LindenLab.xml,ltd,2,we may terminate your accounts for violation of this agreement.
LindenLab.xml,ter,2,we may terminate your accounts for violation of this agreement.
LindenLab.xml,ltd,2,"linden lab may suspend or terminate your account if you violate this agreement, along with any or all other accounts held by you or otherwise related to you, as determined by linden lab in its discretion, and your violation of this agreement shall be deemed to apply to all such accounts."
LindenLab.xml,ter,2,"linden lab may suspend or terminate your account if you violate this agreement, along with any or all other accounts held by you or otherwise related to you, as determined by linden lab in its discretion, and your violation of this agreement shall be deemed to apply to all such accounts."
LindenLab.xml,ltd,2,we may terminate your account(s) to protect the best interests of the service and the community or if we believe you pose an unacceptable risk to the community.
LindenLab.xml,ter,3,we may terminate your account(s) to protect the best interests of the service and the community or if we believe you pose an unacceptable risk to the community.
LindenLab.xml,ltd,2,"we may terminate your account if we determine in our discretion that such action is necessary or advisable to comply with legal requirements or protect the rights or interests of linden lab, the service community or any third party."
LindenLab.xml,ter,3,"we may terminate your account if we determine in our discretion that such action is necessary or advisable to comply with legal requirements or protect the rights or interests of linden lab, the service community or any third party."
LindenLab.xml,ltd,2,"we may terminate your account(s) if we learn, or in good faith believe, that you are a registered sex offender, that accessing the service may violate a condition of parole or probation, that you have engaged in or attempted to engage in conduct with minors on the service that violates this agreement, or that you for any other reason may pose what we deem to be an unacceptable risk to the service community."
LindenLab.xml,ter,2,"we may terminate your account(s) if we learn, or in good faith believe, that you are a registered sex offender, that accessing the service may violate a condition of parole or probation, that you have engaged in or attempted to engage in conduct with minors on the service that violates this agreement, or that you for any other reason may pose what we deem to be an unacceptable risk to the service community."
LindenLab.xml,ltd,2,we may terminate your accounts upon a general suspension or discontinuation of the service.
LindenLab.xml,ter,3,we may terminate your accounts upon a general suspension or discontinuation of the service.
LindenLab.xml,ltd,2,"if linden lab elects to generally suspend or discontinue the service, in whole or in part, for any reason, linden lab may terminate your accounts."
LindenLab.xml,ter,2,"if linden lab elects to generally suspend or discontinue the service, in whole or in part, for any reason, linden lab may terminate your accounts."
LindenLab.xml,ltd,2,"in such event, you will not be entitled to compensation for such suspension or termination, and you acknowledge that linden lab will have no liability to you in connection with such suspension or termination."
LindenLab.xml,ltd,2,"in such event, you will not be entitled to compensation for such suspension or termination, and you acknowledge that linden lab will have no liability to you in connection with such suspension or termination."
LindenLab.xml,ltd,2,"upon account termination, you will lose access to your account and all licenses, content, and data, and you understand this is a risk of participating in the service."
LindenLab.xml,cr,2,"upon account termination, you will lose access to your account and all licenses, content, and data, and you understand this is a risk of participating in the service."
LindenLab.xml,ltd,2,any violation by you of the terms of this section may result in immediate termination of your accounts without any refund or other compensation.
LindenLab.xml,ter,2,any violation by you of the terms of this section may result in immediate termination of your accounts without any refund or other compensation.
LindenLab.xml,ltd,2,any violation by you of the terms of this section may result in immediate termination of your accounts without any refund or other compensation.
LindenLab.xml,ltd,2,"linden lab is not liable for its users' actions, and you release linden lab from any claims relating to other users."
LindenLab.xml,ltd,2,"linden lab is not liable for its users' actions, and you release linden lab from any claims relating to other users."
LindenLab.xml,ltd,2,"you agree not to hold linden lab liable for the content, actions, or inactions of other users."
LindenLab.xml,ltd,2,"you agree not to hold linden lab liable for the content, actions, or inactions of other users."
LindenLab.xml,ltd,2,"linden lab's liability to you is expressly limited, to the extent allowable under applicable law.
in no event shall linden lab or any of its directors, officers, employees, shareholders, subsidiaries, agents or licensors be responsible or liable to you or to any third party for any loss or damages of any kind, including for any direct, indirect, economic, exemplary, incidental, consequential, reliance, special, or punitive losses or damages or disgorgement or comparable equitable remedy, for lost data or lost profits, arising (whether in contract, tort, strict liability or otherwise) out of or in connection with the service (including its modification or termination), the software, the websites, the servers, your account (including its termination or suspension) or this agreement, whether or not linden lab may have been advised that any such damages might or could occur and notwithstanding the failure of essential purpose of any remedy."
LindenLab.xml,ltd,2,"linden lab's liability to you is expressly limited, to the extent allowable under applicable law.
in no event shall linden lab or any of its directors, officers, employees, shareholders, subsidiaries, agents or licensors be responsible or liable to you or to any third party for any loss or damages of any kind, including for any direct, indirect, economic, exemplary, incidental, consequential, reliance, special, or punitive losses or damages or disgorgement or comparable equitable remedy, for lost data or lost profits, arising (whether in contract, tort, strict liability or otherwise) out of or in connection with the service (including its modification or termination), the software, the websites, the servers, your account (including its termination or suspension) or this agreement, whether or not linden lab may have been advised that any such damages might or could occur and notwithstanding the failure of essential purpose of any remedy."
LindenLab.xml,ltd,2,"except as may be provided in any additional terms, to the fullest extent permitted by applicable law, in no event will linden lab's cumulative liability to you exceed the greater of (i) one hundred dollars (u.s. $100.00); or (ii) the fees, if any, paid by you for use of the service; provided, however, this provision will not apply if a tribunal with applicable jurisdiction finds such to be unconscionable."
LindenLab.xml,ltd,2,"except as may be provided in any additional terms, to the fullest extent permitted by applicable law, in no event will linden lab's cumulative liability to you exceed the greater of (i) one hundred dollars (u.s. $100.00); or (ii) the fees, if any, paid by you for use of the service; provided, however, this provision will not apply if a tribunal with applicable jurisdiction finds such to be unconscionable."
LindenLab.xml,ltd,2,"in such jurisdictions, the liability of the linden lab parties to you is limited to the lowest amount permitted by applicable law."
LindenLab.xml,ltd,2,"in such jurisdictions, the liability of the linden lab parties to you is limited to the lowest amount permitted by applicable law."
LindenLab.xml,ltd,2,"by agreeing to these terms of service, you also agree to arbitrate any and all claims against linden lab pursuant to the federal arbitration act and subject to the terms below (the ""agreement to arbitrate"")."
LindenLab.xml,a,2,"by agreeing to these terms of service, you also agree to arbitrate any and all claims against linden lab pursuant to the federal arbitration act and subject to the terms below (the ""agreement to arbitrate"")."
LindenLab.xml,ltd,2,"but if, for any reason, any court with competent jurisdiction or any arbitrator selected pursuant to this arbitration provision holds that this restriction, limiting the arbitration to dispute(s) between you and linden lab, is unenforceable, then our agreement above to arbitrate will not apply and the dispute must be brought exclusively in the state or federal courts of san francisco county, california."
LindenLab.xml,j,3,"but if, for any reason, any court with competent jurisdiction or any arbitrator selected pursuant to this arbitration provision holds that this restriction, limiting the arbitration to dispute(s) between you and linden lab, is unenforceable, then our agreement above to arbitrate will not apply and the dispute must be brought exclusively in the state or federal courts of san francisco county, california."
LindenLab.xml,ltd,2,"as set out in section 10.1, in the event a court or arbitrator determines that the limitation of the arbitration to dispute(s) between you and linden lab (prohibiting class or representative proceedings) is unenforceable, the dispute then must be brought exclusively in the state or federal courts of san francisco county, california."
LindenLab.xml,j,3,"as set out in section 10.1, in the event a court or arbitrator determines that the limitation of the arbitration to dispute(s) between you and linden lab (prohibiting class or representative proceedings) is unenforceable, the dispute then must be brought exclusively in the state or federal courts of san francisco county, california."
LindenLab.xml,ltd,2,"subject to the terms of this agreement, we reserve the right to limit the availability of, restrict access to, or discontinue the service and/or any content, program, product, service or other feature described or available on the service to any person, entity, geographic area, or jurisdiction, at any time and in our sole discretion, and to limit the quantities of any content, program, product, service, or other feature that we provide."
LindenLab.xml,ter,2,"subject to the terms of this agreement, we reserve the right to limit the availability of, restrict access to, or discontinue the service and/or any content, program, product, service or other feature described or available on the service to any person, entity, geographic area, or jurisdiction, at any time and in our sole discretion, and to limit the quantities of any content, program, product, service, or other feature that we provide."
LindenLab.xml,ltd,2,"linden lab reserves the right to modify this agreement and any additional terms, at any time without prior notice (""updated terms"")."
LindenLab.xml,ch,2,"linden lab reserves the right to modify this agreement and any additional terms, at any time without prior notice (""updated terms"")."
LindenLab.xml,ltd,2,"you agree that we may notify you of the updated terms by posting them on the service, and that your use of the service after we post the updated terms (or engaging in other such conduct as we may reasonably specify) constitutes your agreement to the updated terms."
LindenLab.xml,use,2,"you agree that we may notify you of the updated terms by posting them on the service, and that your use of the service after we post the updated terms (or engaging in other such conduct as we may reasonably specify) constitutes your agreement to the updated terms."
LindenLab.xml,ltd,2,"therefore, you should review this agreement and any additional terms on a regular and frequent basis."
LindenLab.xml,ch,2,"therefore, you should review this agreement and any additional terms on a regular and frequent basis."
LindenLab.xml,ltd,2,"the applicable law and venue is in san francisco, california."
LindenLab.xml,law,2,"the applicable law and venue is in san francisco, california."
LindenLab.xml,ltd,2,you agree that this agreement and the relationship between you and linden lab shall be governed by the laws of the state of california without regard to conflict of law principles or the united nations convention on the international sale of goods.
LindenLab.xml,law,2,you agree that this agreement and the relationship between you and linden lab shall be governed by the laws of the state of california without regard to conflict of law principles or the united nations convention on the international sale of goods.
LindenLab.xml,ltd,2,"further, you and linden lab agree to submit to the exclusive personal jurisdiction and venue of the courts located in the city and county of san francisco, california, except as provided in section 10 regarding arbitration."
LindenLab.xml,j,3,"further, you and linden lab agree to submit to the exclusive personal jurisdiction and venue of the courts located in the city and county of san francisco, california, except as provided in section 10 regarding arbitration."
LindenLab.xml,ltd,2,"11.6 No Equitable or Injunctive Relief. 
IF YOU CLAIM THAT YOU HAVE INCURRED ANY LOSSES OR DAMAGES IN CONNECTION WITH YOUR USE OF THE SERVICE, THEN THE LOSSES AND DAMAGES WILL NOT BE IRREPARABLE OR SUFFICIENT TO ENTITLE YOU TO AN INJUNCTION OR OTHER EQUITABLE RELIEF OF ANY KIND. THIS MEANS THAT, IN CONNECTION WITH YOUR CLAIM, YOU AGREE THAT YOU WILL NOT SEEK AND THAT YOU WILL NOT BE PERMITTED TO OBTAIN ANY COURT OR OTHER ACTION THAT MAY INTERFERE WITH OR PREVENT THE DEVELOPMENT OR EXPLOITATION OF ANY WEBSITE, CONTENT, USER CONTENT, UNSOLICITED IDEAS AND MATERIALS, PRODUCT, SERVICE, OR OTHER INTELLECTUAL PROPERTY OWNED, LICENSED, OR CONTROLLED BY LINDEN LAB OR A LICENSOR OF LINDEN LAB. 
11.7 Improperly Filed Claims are Subject to Attorneys' Fees and Costs.
All claims you bring against Linden Lab must be resolved in accordance with Section 10, Dispute Resolution and Arbitration. All claims filed or brought contrary to the Dispute Resolution Section shall be considered improperly filed and a breach of these Terms of Service. Should either party file a claim contrary to the Dispute Resolution Section, the other party may recover attorneys' fees and costs up to one thousand U.S. Dollars ($1,000.00 USD), provided that such party seeking such fees has notified the other in writing of the improperly filed claim, and the other has failed to promptly withdraw the claim.
Return to top
12. RELATED POLICIES
The following related policies are incorporated by reference in and made part of this Agreement, and provide Additional Terms, conditions and guidelines regarding the Service. In the event of a conflict between this Agreement and any Additional Terms, this Agreement shall control except as expressly provided otherwise. 
1.	Linden Lab Privacy Policy
2.	Intellectual Property Infringement Notification Policy
3.	Community Standards
4.	Content Guidelines
Effective: July 31, 2017"
WhatsApp.xml,use,2,"you agree to our terms of service (“terms”) by installing, accessing, or using our apps, services, features, software, or website (together, “services”)."
WhatsApp.xml,a,2,"if you are a whatsapp user located in the united states or canada, our terms contain a binding arbitration provision, which states that, except if you opt out and except for certain types of disputes, whatsapp and you agree to resolve all disputes through binding individual arbitration, which means that you waive any right to have those disputes decided by a judge or jury, and that you waive your right to participate in class actions, class arbitrations, or representative actions."
WhatsApp.xml,ter,2,we may terminate your whatsapp account if you repeatedly infringe the intellectual property rights of others.
WhatsApp.xml,ltd,2,"the whatsapp parties will not be liable to you for any lost profits or consequential, special, punitive, indirect, or incidental damages relating to, arising out of, or in any way in connection with our terms, us, or our services, even if the whatsapp parties have been advised of the possibility of such damages."
WhatsApp.xml,ltd,2,"our aggregate liability relating to, arising out of, or in any way in connection with our terms, us, or our services will not exceed the greater of one hundred dollars ($100) or the amount you have paid us in the past twelve months."
WhatsApp.xml,ltd,2,the foregoing disclaimer of certain damages and limitation of liability will apply to the maximum extent permitted by applicable law.
WhatsApp.xml,ltd,2,"notwithstanding anything to the contrary in our terms, in such cases, the liability of the whatsapp parties will be limited to the fullest extent permitted by applicable law."
WhatsApp.xml,a,2,"if you are a whatsapp user located in the united states or canada, the “special arbitration provision for united states or canada users” section below applies to you. please also read that section carefully and completely."
WhatsApp.xml,j,3,"if you are not subject to the “special arbitration provision for united states or canada users” section below, you agree that you will resolve any claim you have with us relating to, arising out of, or in any way in connection with our terms, us, or our services (each, a “dispute,” and together, “disputes”) exclusively in the united states district court for the northern district of california or a state court located in san mateo county in california, and you agree to submit to the personal jurisdiction of such courts for the purpose of litigating all such disputes."
WhatsApp.xml,law,2,"the laws of the state of california govern our terms, as well as any disputes, whether in court or arbitration, which might arise between whatsapp and you, without regard to conflict of law provisions."
WhatsApp.xml,ter,3,"we may discontinue some or all of our services, including certain features and the support for certain devices and platforms, at any time."
WhatsApp.xml,ter,3,"we may modify, suspend, or terminate your access to or use of our services anytime for any reason, such as if you violate the letter or spirit of our terms or create harm, risk, or possible legal exposure for us, our users, or others."
WhatsApp.xml,ch,2,"we may modify, suspend, or terminate your access to or use of our services anytime for any reason, such as if you violate the letter or spirit of our terms or create harm, risk, or possible legal exposure for us, our users, or others."
WhatsApp.xml,ch,2,we may amend or update these terms.
WhatsApp.xml,use,2,"your continued use of our services confirms your acceptance of our terms, as amended."
Google.xml,use,2,"by using our services, you are agreeing to these terms."
Google.xml,ter,2,we may suspend or stop providing our services to you if you do not comply with our terms or policies or if we are investigating suspected misconduct.
Google.xml,use,2,"by using our services, you agree that google can use such data in accordance with our privacy policies."
Google.xml,ch,2,we may add or remove functionalities or features.
Google.xml,ter,2,and we may suspend or stop a service altogether.
Google.xml,ter,3,"google may also stop providing services to you, or add or create new limits to our services at any time."
Google.xml,ltd,2,"when permitted by law, google, and google’s suppliers and distributors, will not be responsible for lost profits, revenues, or data, financial losses or indirect, special, consequential, exemplary, or punitive damages."
Google.xml,ltd,2,"to the extent permitted by law, the total liability of google, and its suppliers and distributors, for any claims under these terms, including for any implied warranties, is limited to the amount you paid us to use the services (or, if we choose, to supplying you the services again)."
Google.xml,ltd,2,"in all cases, google, and its suppliers and distributors, will not be liable for any loss or damage that is not reasonably foreseeable."
Google.xml,ch,2,"we may modify these terms or any additional terms that apply to a service to, for example, reflect changes to the law or changes to our services."
Google.xml,ch,2,you should look at the terms regularly.
Google.xml,law,2,"the laws of california, u.s.a., excluding california’s conflict of laws rules, will apply to any disputes arising out of or relating to these terms or the services."
Google.xml,j,3,"all claims arising out of or relating to these terms or the services will be litigated exclusively in the federal or state courts of santa clara county, california, usa, and you and google consent to personal jurisdiction in those courts."
Zynga.xml,use,2,"whenever you use the services, you agree to be bound by all of the terms and conditions of these terms of service."
Zynga.xml,ch,2,"we reserve the right, at our discretion, to change, modify, add or remove portions of the terms, community rules, feature terms, and privacy policy at any time by posting the amended terms, community rules, feature terms, or privacy policy on our sites or within the service (such as through in-game notices)."
Zynga.xml,use,2,if you continue to use the services after the changes are posted you agree to the changes.
Zynga.xml,use,2,"however, if you keep using the service after the changes are posted, you are agreeing that the changes apply to your continued use of the services."
Zynga.xml,ch,2,"the service is evolving and we may require that you accept updates to the service as well as to the terms, community rules, and the zynga privacy policy."
Zynga.xml,ter,3,"zynga reserves the right to stop offering and/or supporting the service or a particular game or part of the service at any time either permanently or temporarily, at which point your license to use the service or any part of it will be automatically terminated or suspended."
Zynga.xml,ltd,2,"if that happens, zynga is not required to provide refunds, benefits or other compensation to players in connection with discontinued elements of the service or for virtual goods previously earned or purchased."
Zynga.xml,ter,3,"zynga may, in its sole discretion limit, suspend, terminate, modify, or delete accounts or access to the service or any portion of it and prohibit access to our games and sites, and their content, services and tools, delay or remove hosted content and zynga is under no obligation to compensate you for any such losses or results."
Zynga.xml,cr,2,"zynga may, in its sole discretion limit, suspend, terminate, modify, or delete accounts or access to the service or any portion of it and prohibit access to our games and sites, and their content, services and tools, delay or remove hosted content and zynga is under no obligation to compensate you for any such losses or results."
Zynga.xml,ter,3,"if you violate these terms, or any of our other terms that apply to you, we may take action against you, up to and including permanently suspending your account"
Zynga.xml,ter,2,"if you violate these terms, or any of our other terms that apply to you, we may take action against you, up to and including permanently suspending your account"
Zynga.xml,ter,3,"we may delete or terminate accounts that are inactive (i.e., not logged into) for 180 days."
Zynga.xml,ter,2,"we may delete or terminate accounts that are inactive (i.e., not logged into) for 180 days."
Zynga.xml,ter,3,"any such transfer or attempted transfer is prohibited and void, and we may terminate your account because of it."
Zynga.xml,ter,2,"any such transfer or attempted transfer is prohibited and void, and we may terminate your account because of it."
Zynga.xml,ter,3,"that said, we have the right, in our sole discretion, to edit, refuse to post, or remove any user content."
Zynga.xml,cr,2,"that said, we have the right, in our sole discretion, to edit, refuse to post, or remove any user content."
Zynga.xml,ter,3,"we may change what you can use to pay from time to time, at our sole discretion."
Zynga.xml,ch,2,"we may change what you can use to pay from time to time, at our sole discretion."
Zynga.xml,ter,3,"you acknowledge that zynga is not required to provide a refund for any reason, and that you will not receive money or other compensation for unused virtual items when an account is closed, whether such closure was voluntary or involuntary, or whether you made a payment through zynga.com or another platform such as apple, google, facebook, or any other sites or platforms where we offer our services."
Zynga.xml,ltd,2,"you acknowledge that zynga is not required to provide a refund for any reason, and that you will not receive money or other compensation for unused virtual items when an account is closed, whether such closure was voluntary or involuntary, or whether you made a payment through zynga.com or another platform such as apple, google, facebook, or any other sites or platforms where we offer our services."
Zynga.xml,ter,3,zynga may revise the pricing for the goods and services it licenses to you through the service at any time.
Zynga.xml,ch,2,zynga may revise the pricing for the goods and services it licenses to you through the service at any time.
Zynga.xml,ter,3,"we are not liable for any claim relating to any content, goods and/or services of third parties."
Zynga.xml,ltd,2,"we are not liable for any claim relating to any content, goods and/or services of third parties."
Zynga.xml,ter,3,"we reserve the right to terminate any player's access to the service if we determine that the player is a ""repeat infringer."""
Zynga.xml,ter,2,"we reserve the right to terminate any player's access to the service if we determine that the player is a ""repeat infringer."""
Zynga.xml,ter,3,"you acknowledge that zynga and the zynga affiliates are not liable (1) for any indirect, incidental, special, exemplary or consequential damages, including for loss of profits, goodwill or data, in any way whatsoever arising out of the use of, or inability to use, the service; or (2) for the conduct of third parties, including other users of the service and operators of external sites."
Zynga.xml,ltd,2,"you acknowledge that zynga and the zynga affiliates are not liable (1) for any indirect, incidental, special, exemplary or consequential damages, including for loss of profits, goodwill or data, in any way whatsoever arising out of the use of, or inability to use, the service; or (2) for the conduct of third parties, including other users of the service and operators of external sites."
Zynga.xml,ter,3,"to the fullest extent allowed by any law that applies, the disclaimers of liability in these terms apply to all damages or injury caused by the service, or related to use of, or inability to use, the service, under any cause of action in any jurisdiction, including, without limitation, actions for breach of warranty, breach of contract or tort (including negligence)."
Zynga.xml,ltd,3,"to the fullest extent allowed by any law that applies, the disclaimers of liability in these terms apply to all damages or injury caused by the service, or related to use of, or inability to use, the service, under any cause of action in any jurisdiction, including, without limitation, actions for breach of warranty, breach of contract or tort (including negligence)."
Zynga.xml,ter,3,"to the maximum extent permissible under applicable laws, the total liability of zynga and/or the zynga affiliates is limited to the total amount you have paid zynga and/or the zynga affiliate in the one hundred and eighty days (180) days immediately preceding the date on which you first assert any such claim."
Zynga.xml,ltd,2,"to the maximum extent permissible under applicable laws, the total liability of zynga and/or the zynga affiliates is limited to the total amount you have paid zynga and/or the zynga affiliate in the one hundred and eighty days (180) days immediately preceding the date on which you first assert any such claim."
Zynga.xml,ter,3,"if we can’t resolve our dispute through customer service, you and zynga or any member of the zynga corporate family all agree to resolve any claims relating to the terms, the privacy policy, feature terms or zynga’s services through final and binding arbitration."
Zynga.xml,a,2,"if we can’t resolve our dispute through customer service, you and zynga or any member of the zynga corporate family all agree to resolve any claims relating to the terms, the privacy policy, feature terms or zynga’s services through final and binding arbitration."
Zynga.xml,ter,3,"apart from that, if you are united states resident, these terms and our relationship will be governed by california law, except for its conflicts of laws principles."
Zynga.xml,law,2,"apart from that, if you are united states resident, these terms and our relationship will be governed by california law, except for its conflicts of laws principles."
Zynga.xml,ter,3,"if you reside outside the united states these terms and our relationship will be governed by irish law, except for its conflicts of laws principles."
Zynga.xml,law,2,"if you reside outside the united states these terms and our relationship will be governed by irish law, except for its conflicts of laws principles."
Zynga.xml,ter,3,"if you are a united states resident, judicial proceedings (other than small claims actions) that are excluded from the arbitration agreement in section 17 must be brought in state or federal court in san francisco, california, unless we both agree to some other location"
Zynga.xml,j,3,"if you are a united states resident, judicial proceedings (other than small claims actions) that are excluded from the arbitration agreement in section 17 must be brought in state or federal court in san francisco, california, unless we both agree to some other location"
Zynga.xml,ter,3,"you and zynga both consent to venue and personal jurisdiction in san francisco, california."
Zynga.xml,j,3,"you and zynga both consent to venue and personal jurisdiction in san francisco, california."
Zynga.xml,ter,3,"if you reside outside the united states, judicial proceedings must be brought in the courts of ireland, unless we both agree to some other location, and you and zynga both consent to venue and personal jurisdiction in ireland."
Zynga.xml,j,3,"if you reside outside the united states, judicial proceedings must be brought in the courts of ireland, unless we both agree to some other location, and you and zynga both consent to venue and personal jurisdiction in ireland."
Zynga.xml,ter,3,"we are not liable for any changes or problems out of our control, for example changes or problems caused by like natural disasters, war, terrorism, riots, embargoes, acts of civil or military authorities, fire, floods, accidents, network infrastructure failures, strikes, or shortages of transportation facilities, fuel, energy, labor or materials."
Zynga.xml,ltd,1,"we are not liable for any changes or problems out of our control, for example changes or problems caused by like natural disasters, war, terrorism, riots, embargoes, acts of civil or military authorities, fire, floods, accidents, network infrastructure failures, strikes, or shortages of transportation facilities, fuel, energy, labor or materials."
Amazon.xml,use,2,"by using amazon services, you agree to these conditions."
Amazon.xml,ter,2,the licenses granted by amazon terminate if you do not comply with these conditions of use or any service terms.
Amazon.xml,ter,3,"amazon reserves the right to refuse service, terminate accounts, terminate your rights to use amazon services, remove or edit content, or cancel orders in its sole discretion."
Amazon.xml,cr,3,"amazon reserves the right to refuse service, terminate accounts, terminate your rights to use amazon services, remove or edit content, or cancel orders in its sole discretion."
Amazon.xml,cr,2,"amazon reserves the right (but not the obligation) to remove or edit such content, but does not regularly review posted content."
Amazon.xml,cr,2,amazon has the right but not the obligation to monitor and edit or remove any activity or content.
Amazon.xml,ltd,2,amazon takes no responsibility and assumes no liability for any content posted by you or any third party.
Amazon.xml,ltd,2,"to the full extent permissible by law, amazon will not be liable for any damages of any kind arising from the use of any amazon service, or from any information, content, materials, products (including software) or other services included on or otherwise made available to you through any amazon service, including, but not limited to direct, indirect, incidental, punitive, and consequential damages, unless otherwise specified in writing."
Amazon.xml,a,2,"any dispute or claim relating in any way to your use of any amazon service, or to any products or services sold or distributed by amazon or through amazon.com will be resolved by binding arbitration, rather than in court, except that you may assert claims in small claims court if your claims qualify."
Amazon.xml,law,2,"by using any amazon service, you agree that the federal arbitration act, applicable federal law, and the laws of the state of washington, without regard to principles of conflict of laws, will govern these conditions of use and any dispute of any sort that might arise between you and amazon."
Amazon.xml,use,2,"by using any amazon service, you agree that the federal arbitration act, applicable federal law, and the laws of the state of washington, without regard to principles of conflict of laws, will govern these conditions of use and any dispute of any sort that might arise between you and amazon."
Amazon.xml,law,2,"we reserve the right to make changes to our site, policies, service terms, and these conditions of use at any time."
Amazon.xml,ch,2,"we reserve the right to make changes to our site, policies, service terms, and these conditions of use at any time."
Amazon.xml,law,2,"If any of these conditions shall be deemed invalid, void, or for any reason unenforceable, that condition shall be deemed severable and shall not affect the validity and enforceability of any remaining condition.

OUR ADDRESS
Amazon.com, Inc.
P.O. Box 81226
Seattle, WA 98108-1226
https://www.amazon.com
ADDITIONAL AMAZON SOFTWARE TERMS
The following terms (“Software Terms”) apply to any software (including any updates or upgrades to the software) and any related documentation we make available to you in connection with Amazon Services (the ""Amazon Software""). 
Use of the Amazon Software. You may use Amazon Software solely for purposes of enabling you to use the Amazon Services as provided by Amazon, and as permitted by these Conditions of Use and any Service Terms. You may not incorporate any portion of the Amazon Software into other programs or compile any portion of it in combination with other programs, or otherwise copy (except to exercise rights granted in this section), modify, create derivative works of, distribute, assign any rights to, or license the Amazon Software in whole or in part. All software used in any Amazon Service is the property of Amazon or its software suppliers and is protected by United States and international copyright laws.
Use of Third Party Services. When you use the Amazon Software, you may also be using the services of one or more third parties, such as a wireless carrier or a mobile software provider. Your use of these third party services may be subject to the separate policies, terms of use, and fees of these third parties.
No Reverse Engineering. You may not reverse engineer, decompile or disassemble, tamper with, or bypass any security associated with the Amazon Software, whether in whole or in part.
Updates. We may offer automatic or manual updates to the Amazon Software at any time and without notice to you.
Government End Users. If you are a U.S. Government end user, we are licensing the Amazon Software to you as a ""Commercial Item"" as that term is defined in the U.S. Code of Federal Regulations (see 48 C.F.R. § 2.101), and the rights we grant you to the Amazon Software are the same as the rights we grant to all others under these Conditions of Use.
Conflicts. In the event of any conflict between these Conditions of Use and any other Amazon or third-party terms applicable to any portion of Amazon Software, such as open-source license terms, such other terms will control as to that portion of the Amazon Software and to the extent of the conflict.
How to Serve a Subpoena
If you have a subpoena to serve on Amazon, please note that Amazon does not accept service via e-mail or fax and will not respond to the subpoena. All subpoenas must be properly served on Amazon.com, preferably by mailing the subpoena to Corporation Service Company (CSC), Amazon's national registered agent. Please find below the Washington address for CSC (the CSC office in your jurisdiction may be located through the Secretary of State's website):

Amazon.com, Inc.
Corporation Service Company
300 Deschutes Way SW, Suite 304
Tumwater, WA 98501
Attn: Legal Department – Subpoena
Please note also that providing detailed and accurate information at the outset will facilitate efficient processing of your request. That information will include, for example, e-mail and/or credit card number used to make purchases for retail purchase information; the name, e-mail, and physical address of a seller for seller information; device serial number for Amazon devices; and IP address and complete time stamps.

Notice and Procedure for Making Claims of Copyright Infringement
If you believe that your work has been copied in a way that constitutes copyright infringement, please submit your complaint using our online form. We respond quickly to the concerns of rights owners about any alleged infringement.

If you prefer to submit a report in writing, please provide us with this information:

A physical signature of the person authorized to act on behalf of the owner of the copyright interest;
A description of the copyrighted work that you claim has been infringed upon;
A description of where the material that you claim is infringing is located on the site;
Your address, telephone number, and e-mail address;
A statement by you that you have a good-faith belief that the disputed use is not authorized by the copyright owner, its agent, or the law;
A statement by you, made under penalty of perjury, that the above information in your notice is accurate and that you are the copyright owner or authorized to act on the copyright owner's behalf.
Amazon's Copyright Agent for notice of claims of copyright infringement on its site can be reached as follows:

Copyright Agent
Amazon.com Legal Department
P.O. Box 81226
Seattle, WA 98108
phone: (206) 266-4064
fax: (206) 266-7010
e-mail: copyright@amazon.com

Courier address:
Copyright Agent
Amazon.com Legal Department
2021 7th Avenue
Seattle, WA 98121
USA
Please note that this procedure is exclusively for notifying Amazon that your copyrighted material has been infringed."
Facebook.xml,use,2,"by using or accessing the facebook services, you agree to this statement, as updated from time to time in accordance with section 13 below."
Facebook.xml,cr,2,"if you select a username or similar identifier for your account or page, we reserve the right to remove or reclaim it if we believe it is appropriate (such as when a trademark owner complains about a username that does not closely relate to a user's actual name)."
Facebook.xml,cr,2,we can remove any content or information you post on facebook if we believe that it violates this statement or our policies.
Facebook.xml,ter,2,"if you repeatedly infringe other people's intellectual property rights, we will disable your account when appropriate."
Facebook.xml,use,2,"if you make a payment on facebook, you agree to our payments terms unless it is stated that other terms apply."
Facebook.xml,use,2,"your continued use of the facebook services, following notice of the changes to our terms, policies or guidelines, constitutes your acceptance of our amended terms, policies or guidelines."
Facebook.xml,ter,2,"if you violate the letter or spirit of this statement, or otherwise create risk or possible legal exposure for us, we can stop providing all or part of facebook to you."
Facebook.xml,j,3,"you will resolve any claim, cause of action or dispute (claim) you have with us arising out of or relating to this statement or facebook exclusively in the u.s. district court for the northern district of california or a state court located in san mateo county, and you agree to submit to the personal jurisdiction of such courts for the purpose of litigating all such claims."
Facebook.xml,law,2,"the laws of the state of california will govern this statement, as well as any claim that might arise between you and us, without regard to conflict of law provisions"
Facebook.xml,ltd,2,"we will not be liable to you for any lost profits or other consequential, special, indirect, or incidental damages arising out of or in connection with this statement or facebook, even if we have been advised of the possibility of such damages."
Facebook.xml,ltd,2,our aggregate liability arising out of this statement or facebook will not exceed the greater of one hundred dollars ($100) or the amount you have paid us in the past twelve months.
Facebook.xml,ltd,2,"in such cases, facebook's liability will be limited to the fullest extent permitted by applicable law."
Facebook.xml,use,2,"by using or accessing facebook services, you agree that we can collect and use such content and information in accordance with the data policy as amended from time to time."
Vivino.xml,use,2,"by registering for and/or using the service in any manner, including but not limited to visiting or browsing the site, you agree to all of the terms and conditions contained herein (""terms of use""), and all other operating rules, policies and procedures that may be published from time to time on the site by vivino, each of which is incorporated by reference and each of which may be updated by vivino from time to time without notice to you in accordance with the terms set out under the ""modification of terms of use"" section below."
Vivino.xml,ch,2,"by registering for and/or using the service in any manner, including but not limited to visiting or browsing the site, you agree to all of the terms and conditions contained herein (""terms of use""), and all other operating rules, policies and procedures that may be published from time to time on the site by vivino, each of which is incorporated by reference and each of which may be updated by vivino from time to time without notice to you in accordance with the terms set out under the ""modification of terms of use"" section below."
Vivino.xml,use,2,"vivino reserves the right to refuse registration of, or cancel a user name in its sole discretion."
Vivino.xml,cr,2,"vivino reserves the right to refuse registration of, or cancel a user name in its sole discretion."
Vivino.xml,use,2,you acknowledge that all content accessed by you using the service is at your own risk and you will be solely responsible and liable for any damage or loss to you or any other party resulting therefrom.
Vivino.xml,ltd,2,you acknowledge that all content accessed by you using the service is at your own risk and you will be solely responsible and liable for any damage or loss to you or any other party resulting therefrom.
Vivino.xml,use,2,you understand that all information publicly posted or privately transmitted through the site is the sole responsibility of the person from which such content originated; that vivino will not be liable for any errors or omissions in any content; and that vivino cannot guarantee the identity of any other users with whom you may interact in the course of using the service.
Vivino.xml,ltd,2,you understand that all information publicly posted or privately transmitted through the site is the sole responsibility of the person from which such content originated; that vivino will not be liable for any errors or omissions in any content; and that vivino cannot guarantee the identity of any other users with whom you may interact in the course of using the service.
Vivino.xml,use,2,"however, vivino reserves the right to (i) remove, suspend, edit or modify any content in its sole discretion, including without limitation any user submissions at any time, without notice to you and for any reason (including, but not limited to, upon receipt of claims or allegations from third parties or authorities relating to such content or if vivino is concerned that you may have violated these terms of use), or for no reason at all and (ii) to remove, suspend or block any user submissions from the service."
Vivino.xml,ch,2,"however, vivino reserves the right to (i) remove, suspend, edit or modify any content in its sole discretion, including without limitation any user submissions at any time, without notice to you and for any reason (including, but not limited to, upon receipt of claims or allegations from third parties or authorities relating to such content or if vivino is concerned that you may have violated these terms of use), or for no reason at all and (ii) to remove, suspend or block any user submissions from the service."
Vivino.xml,ter,2,"however, vivino reserves the right to (i) remove, suspend, edit or modify any content in its sole discretion, including without limitation any user submissions at any time, without notice to you and for any reason (including, but not limited to, upon receipt of claims or allegations from third parties or authorities relating to such content or if vivino is concerned that you may have violated these terms of use), or for no reason at all and (ii) to remove, suspend or block any user submissions from the service."
Vivino.xml,cr,2,"however, vivino reserves the right to (i) remove, suspend, edit or modify any content in its sole discretion, including without limitation any user submissions at any time, without notice to you and for any reason (including, but not limited to, upon receipt of claims or allegations from third parties or authorities relating to such content or if vivino is concerned that you may have violated these terms of use), or for no reason at all and (ii) to remove, suspend or block any user submissions from the service."
Vivino.xml,use,2,"vivino may terminate your access to all or any part of the service at any time, with or without cause, with or without notice, effective immediately, which may result in the forfeiture and destruction of all information associated with your membership."
Vivino.xml,ter,3,"vivino may terminate your access to all or any part of the service at any time, with or without cause, with or without notice, effective immediately, which may result in the forfeiture and destruction of all information associated with your membership."
Vivino.xml,use,2,you release vivino from all liability for you having acquired or not acquired content through the service.
Vivino.xml,ltd,2,you release vivino from all liability for you having acquired or not acquired content through the service.
Vivino.xml,use,2,"all liability of vivino, its directors, employees, agents, representatives, partners, suppliers or content providers howsoever arising for any loss suffered as a result of your use the site, service, content, user submissions or add-to link is expressly excluded to the fullest extent permitted by law, save that, if a court of competent jurisdiction determines that liability of vivino, its directors, employees, agents, representatives, partners, suppliers or content providers (as applicable) has arisen, the total of such liability shall be limited in aggregate to one hundred us dollars ($100)."
Vivino.xml,ltd,2,"all liability of vivino, its directors, employees, agents, representatives, partners, suppliers or content providers howsoever arising for any loss suffered as a result of your use the site, service, content, user submissions or add-to link is expressly excluded to the fullest extent permitted by law, save that, if a court of competent jurisdiction determines that liability of vivino, its directors, employees, agents, representatives, partners, suppliers or content providers (as applicable) has arisen, the total of such liability shall be limited in aggregate to one hundred us dollars ($100)."
Vivino.xml,use,2,"in no event shall vivino, nor its directors, employees, agents, representatives, partners, suppliers or content providers, be liable under contract, tort, strict liability, negligence or any other legal or equitable theory or otherwise (and whether or not vivino, its directors, employees, agents, representatives, partners, suppliers or content providers had prior knowledge of the circumstances giving rise to such loss or damage) with respect to the site, service, content, user submissions or add-to link for:

indirect or consequential losses or damages;
loss of actual or anticipated profits;
loss of revenue;
loss of goodwill;
loss of data;
loss of anticipated savings;
wasted expenditure; or
cost of procurement of substitue goods or services."
Vivino.xml,ltd,2,"in no event shall vivino, nor its directors, employees, agents, representatives, partners, suppliers or content providers, be liable under contract, tort, strict liability, negligence or any other legal or equitable theory or otherwise (and whether or not vivino, its directors, employees, agents, representatives, partners, suppliers or content providers had prior knowledge of the circumstances giving rise to such loss or damage) with respect to the site, service, content, user submissions or add-to link for:

indirect or consequential losses or damages;
loss of actual or anticipated profits;
loss of revenue;
loss of goodwill;
loss of data;
loss of anticipated savings;
wasted expenditure; or
cost of procurement of substitue goods or services."
Vivino.xml,use,2,"solely in respect of users located in european economic area (eea) and/or australia, nothing in these terms of use shall be deemed to exclude or limit our or your liability (as applicable) in respect of:

death or personal injury arising as a result of our or your negligence (as applicable);
fraud (including fraudulent misrepresentation), theft or other criminal activity; or
any breach of any obligations implied by section 12 of the sale of goods act 1979 or section 2 of the supply of goods and services act 1982."
Vivino.xml,ltd,1,"solely in respect of users located in european economic area (eea) and/or australia, nothing in these terms of use shall be deemed to exclude or limit our or your liability (as applicable) in respect of:

death or personal injury arising as a result of our or your negligence (as applicable);
fraud (including fraudulent misrepresentation), theft or other criminal activity; or
any breach of any obligations implied by section 12 of the sale of goods act 1979 or section 2 of the supply of goods and services act 1982."
Vivino.xml,use,2,"these terms of use shall be governed by and construed in accordance with the laws of the state of new york, excluding its conflicts of law rules, and the united states of america."
Vivino.xml,law,2,"these terms of use shall be governed by and construed in accordance with the laws of the state of new york, excluding its conflicts of law rules, and the united states of america."
Vivino.xml,use,2,"any dispute arising from or relating to the subject matter of these terms of use shall be finally settled by arbitration in new york county, new york, using the english language in accordance with the arbitration rules and procedures of jams then in effect, by one commercial arbitrator with substantial experience in resolving intellectual property and commercial contract disputes, who shall be selected from the appropriate list of jams arbitrators in accordance with the arbitration rules and procedures of jams."
Vivino.xml,a,2,"any dispute arising from or relating to the subject matter of these terms of use shall be finally settled by arbitration in new york county, new york, using the english language in accordance with the arbitration rules and procedures of jams then in effect, by one commercial arbitrator with substantial experience in resolving intellectual property and commercial contract disputes, who shall be selected from the appropriate list of jams arbitrators in accordance with the arbitration rules and procedures of jams."
Vivino.xml,use,2,"for all purposes of these terms of use, the parties consent to exclusive jurisdiction and venue in the united states federal courts or state courts located in the southern district of new york."
Vivino.xml,j,3,"for all purposes of these terms of use, the parties consent to exclusive jurisdiction and venue in the united states federal courts or state courts located in the southern district of new york."
Vivino.xml,use,2,"solely in respect of users located in the eea and/or australia, the following governing law provisions shall apply: these terms of use and any disputes or claims arising out of or in connection with it shall be governed by, and construed in accordance with, the laws of england."
Vivino.xml,law,2,"solely in respect of users located in the eea and/or australia, the following governing law provisions shall apply: these terms of use and any disputes or claims arising out of or in connection with it shall be governed by, and construed in accordance with, the laws of england."
Vivino.xml,use,2,all disputes or claims arising out of or relating to these terms of use shall be subject to the exclusive jurisdiction of the english courts to which the parties irrevocably submit.
Vivino.xml,j,3,all disputes or claims arising out of or relating to these terms of use shall be subject to the exclusive jurisdiction of the english courts to which the parties irrevocably submit.
Vivino.xml,use,2,"vivino reserves the right, at its sole discretion, to modify or replace any of these terms of use, or change, suspend, or discontinue the service (including without limitation, the availability of any feature, database, or content) at any time by posting a notice on the site or by sending you notice through the service or via email."
Vivino.xml,ch,2,"vivino reserves the right, at its sole discretion, to modify or replace any of these terms of use, or change, suspend, or discontinue the service (including without limitation, the availability of any feature, database, or content) at any time by posting a notice on the site or by sending you notice through the service or via email."
Vivino.xml,use,2,vivino may also impose limits on certain features and services or restrict your access to parts or all of the service without notice or liability.
Vivino.xml,ch,2,vivino may also impose limits on certain features and services or restrict your access to parts or all of the service without notice or liability.
Vivino.xml,ltd,2,vivino may also impose limits on certain features and services or restrict your access to parts or all of the service without notice or liability.
Vivino.xml,use,2,your continued use of the service following the posting of any changes to these terms of use constitutes acceptance of those changes.
Vivino.xml,use,2,your continued use of the service following the posting of any changes to these terms of use constitutes acceptance of those changes.
Vivino.xml,use,2,"vivino shall not be liable for any failure to perform its obligations hereunder where such failure results from any cause beyond vivino's reasonable control, including, without limitation, mechanical, electronic or communications failure or degradation (including ""line-noise"" interference)."
Vivino.xml,ltd,2,"vivino shall not be liable for any failure to perform its obligations hereunder where such failure results from any cause beyond vivino's reasonable control, including, without limitation, mechanical, electronic or communications failure or degradation (including ""line-noise"" interference)."
Vivino.xml,use,2,"These Terms of Use are personal to you, and are not assignable, transferable or sublicensable by you except with Vivino's prior written consent. Vivino may assign, transfer or delegate any of its rights and obligations hereunder without consent. No agency, partnership, joint venture, or employment relationship is created as a result of these Terms of Use and neither party has any authority of any kind to bind the other in any respect.

Unless otherwise specified in these Term of Use, all notices under these Terms of Use will be in writing and will be deemed to have been duly given when received, if personally delivered or sent by certified or registered mail, return receipt requested; when receipt is electronically confirmed, if transmitted by facsimile or e-mail; or the day after it is sent, if sent for next day delivery by recognized overnight delivery service.

Solely in respect of users located in the EEA and/or Australia, in respect of these Terms of Use and your use of this Site, Service, Content or User Submissions, nothing in these Terms of Use shall be deemed to grant any rights or benefits to any person, other than us and you (and our and your respective successors in title or assignees), or entitle any third party to enforce any provision hereof, and we and you agree that we do not intend that any provision of these Terms of Use should be enforceable by a third party by virtue of the Contracts (Rights of Third Parties) Act 1999.

Language
Where Vivino has provided you with a translation of the English language version of these Terms of Use, then you agree that the translation is provided for your convenience only and that the English language versions of the Terms will govern your relationship with Vivino.

If there is any contradiction between what the English language version of these Terms of Use says and what a translation says, then the English language version shall take precedence.

Contact
You may contact Vivino at the following address: Vivino, Njalsgade 21 E, 2. sal, DK-2300 Copenhagen, Denmark"
